roaster,tier,month,segment,raw_level,linked_from,link_items,link_change_pct,index,main_segment
Araku,core,2026-09,1,100.0,,,,100.0,True
Araku,core,2026-10,1,100.0,2026-09,13.0,0.0,100.0,True
Black Baza,secondary,2026-09,1,100.0,,,,100.0,True
Black Baza,secondary,2026-10,1,100.0,2026-09,26.0,0.0,100.0,True
Bloom,secondary,2026-09,1,100.0,,,,100.0,True
Bloom,secondary,2026-10,1,100.0,2026-09,37.0,0.0,100.0,True
Blue Tokai,core,2026-09,1,100.0,,,,100.0,True
Blue Tokai,core,2026-10,1,100.0,2026-09,92.0,0.0,100.0,True
Corridor Seven,core,2026-09,1,100.0,,,,100.0,True
Corridor Seven,core,2026-10,1,100.0,2026-09,45.0,0.0,100.0,True
Devans,core,2026-09,1,100.0,,,,100.0,True
Devans,core,2026-10,1,100.0,2026-09,38.0,0.0,100.0,True
Dope Coffee,secondary,2026-09,1,100.0,,,,100.0,True
Dope Coffee,secondary,2026-10,1,100.0,2026-09,9.0,0.0,100.0,True
Grey Soul,core,2026-09,1,100.0,,,,100.0,True
Grey Soul,core,2026-10,1,100.0,2026-09,11.0,0.0,100.0,True
Kapi Kottai,core,2026-09,1,100.0,,,,100.0,True
Kapi Kottai,core,2026-10,1,100.0,2026-09,16.0,0.0,100.0,True
Subko,secondary,2026-09,1,100.0,,,,100.0,True
Subko,secondary,2026-10,1,100.0,2026-09,7.0,0.0,100.0,True
Third Wave Coffee,core,2026-09,1,100.0,,,,100.0,True
Third Wave Coffee,core,2026-10,1,100.0,2026-09,14.0,0.0,100.0,True
