quarter,months_in_quarter,arabica_roasted_inr_100g,robusta_roasted_inr_100g,cost_index
2022Q1,3,54.5447,21.787,119.07919153636908
2022Q2,3,55.2907,21.4925,120.70782047531515
2022Q3,3,56.6289,22.997,123.62931008134413
2022Q4,3,48.8906,21.2399,106.73545040541073
2023Q1,3,48.5284,22.5923,105.9447139420243
2023Q2,3,48.3607,27.2561,105.5785999030682
2023Q3,3,41.806,27.8607,91.26871504233125
2023Q4,3,44.1611,28.1209,96.41024857331232
2024Q1,3,46.1708,34.763,100.79772253926393
2024Q2,3,53.6776,43.3018,117.18618328843324
2024Q3,3,59.7534,50.3562,130.4505582311256
2024Q4,3,70.0145,51.8007,152.85206547699616
2025Q1,3,90.7898,59.5464,198.20763490767465
2025Q2,3,88.4091,52.1633,193.01021276967342
2025Q3,3,85.6159,45.2838,186.9122417880861
2025Q4,3,95.3992,49.5179,208.270640579495
2026Q1,3,83.5605,44.9907,182.42499792600876
2026Q2,3,80.9408,42.4448,176.7058032459055
2026Q3,2,92.6172,46.9517,202.19712086347897
