roaster,tier,quarter,segment,raw_level,linked_from,link_items,link_change_pct,index,anchored,pre_quarters,main_segment
Araku,core,2023Q4,1,100.0,,,,100.0,True,2,True
Araku,core,2024Q1,1,100.0,2023Q4,5.0,0.0,100.0,True,2,True
Araku,core,2024Q2,1,100.0,2024Q1,4.0,0.0,100.0,True,2,True
Araku,core,2024Q3,1,100.0,2024Q2,4.0,0.0,100.0,True,2,True
Araku,core,2024Q4,1,100.0,2024Q3,4.0,0.0,100.0,True,2,True
Araku,core,2025Q1,1,100.0,2024Q4,4.0,0.0,100.0,True,2,True
Araku,core,2025Q2,1,94.94471573917073,2025Q1,4.0,-5.06,94.94471573917073,True,2,True
Araku,core,2025Q3,1,100.0,2025Q2,4.0,5.32,100.0,True,2,True
Araku,core,2025Q4,1,100.0,2025Q3,4.0,0.0,100.0,True,2,True
Araku,core,2026Q3,1,121.09223367308208,2025Q4,12.0,21.09,121.09223367308208,True,2,True
Black Baza,secondary,2023Q1,1,100.0,,,,100.0,True,3,True
Black Baza,secondary,2023Q2,1,100.0,2023Q1,20.0,0.0,100.0,True,3,True
Black Baza,secondary,2023Q4,1,100.0,2023Q2,18.0,0.0,100.0,True,3,True
Black Baza,secondary,2024Q2,1,104.95097056140041,2023Q4,18.0,4.95,104.95097056140041,True,3,True
Black Baza,secondary,2024Q3,1,104.95097056140041,2024Q2,15.0,0.0,104.95097056140041,True,3,True
Black Baza,secondary,2024Q4,1,101.31371967420944,2024Q3,19.0,-3.47,101.31371967420944,True,3,True
Black Baza,secondary,2025Q4,1,142.60769520572026,2024Q4,15.0,40.76,142.60769520572026,True,3,True
Black Baza,secondary,2026Q1,1,142.60769520572026,2025Q4,25.0,0.0,142.60769520572026,True,3,True
Black Baza,secondary,2026Q2,1,142.60769520572026,2026Q1,25.0,0.0,142.60769520572026,True,3,True
Black Baza,secondary,2026Q3,1,152.13543751605428,2026Q2,23.0,6.68,152.13543751605428,True,3,True
Bloom,secondary,2023Q1,1,100.0,,,,96.6191241433289,True,2,True
Bloom,secondary,2023Q4,1,106.9983574921581,2023Q1,28.0,7.0,103.38087585667111,True,2,True
Bloom,secondary,2024Q2,1,106.9983574921581,2023Q4,28.0,0.0,103.38087585667111,True,2,True
Bloom,secondary,2024Q3,1,106.9983574921581,2024Q2,28.0,0.0,103.38087585667111,True,2,True
Bloom,secondary,2024Q4,1,108.71036056513316,2024Q3,25.0,1.6,105.03499823108646,True,2,True
Bloom,secondary,2025Q1,1,115.2728900398525,2024Q4,25.0,6.04,111.37565673120811,True,2,True
Bloom,secondary,2025Q3,1,131.28104923717285,2025Q1,18.0,13.89,126.84259993912879,True,2,True
Bloom,secondary,2026Q3,1,131.6419044703029,2025Q3,16.0,0.27,127.1912551048044,True,2,True
Blue Tokai,core,2023Q1,1,100.0,,,,100.0,True,5,True
Blue Tokai,core,2023Q2,1,100.0,2023Q1,48.0,0.0,100.0,True,5,True
Blue Tokai,core,2023Q3,1,100.0,2023Q2,36.0,0.0,100.0,True,5,True
Blue Tokai,core,2023Q4,1,100.0,2023Q3,60.0,0.0,100.0,True,5,True
Blue Tokai,core,2024Q1,1,100.0,2023Q4,51.0,0.0,100.0,True,5,True
Blue Tokai,core,2024Q3,1,103.38318964715573,2024Q1,36.0,3.38,103.38318964715573,True,5,True
Blue Tokai,core,2024Q4,1,107.24732002003084,2024Q3,24.0,3.74,107.24732002003083,True,5,True
Blue Tokai,core,2025Q1,1,107.24732002003084,2024Q4,30.0,0.0,107.24732002003083,True,5,True
Blue Tokai,core,2025Q2,1,107.24732002003084,2025Q1,36.0,0.0,107.24732002003083,True,5,True
Blue Tokai,core,2025Q3,1,134.3483380721816,2025Q2,30.0,25.27,134.3483380721816,True,5,True
Blue Tokai,core,2025Q4,1,134.3483380721816,2025Q3,40.0,0.0,134.3483380721816,True,5,True
Blue Tokai,core,2026Q1,1,134.3483380721816,2025Q4,44.0,0.0,134.3483380721816,True,5,True
Blue Tokai,core,2026Q2,1,134.3483380721816,2026Q1,61.0,0.0,134.3483380721816,True,5,True
Blue Tokai,core,2026Q3,1,137.2319297722174,2026Q2,61.0,2.15,137.2319297722174,True,5,True
Corridor Seven,core,2023Q1,1,100.0,,,,100.0,True,3,True
Corridor Seven,core,2023Q3,1,100.0,2023Q1,18.0,0.0,100.0,True,3,True
Corridor Seven,core,2024Q1,1,100.0,2023Q3,21.0,0.0,100.0,True,3,True
Corridor Seven,core,2024Q2,1,100.0,2024Q1,21.0,0.0,100.0,True,3,True
Corridor Seven,core,2024Q3,1,104.17775115551761,2024Q2,21.0,4.18,104.17775115551761,True,3,True
Corridor Seven,core,2025Q1,1,117.11287101861649,2024Q2,3.0,17.11,117.11287101861649,True,3,True
Corridor Seven,core,2025Q2,1,117.11287101861649,2025Q1,31.0,0.0,117.11287101861649,True,3,True
Corridor Seven,core,2025Q3,1,117.11287101861649,2025Q2,24.0,0.0,117.11287101861649,True,3,True
Corridor Seven,core,2026Q3,1,140.67253978179323,2024Q3,24.0,35.03,140.67253978179323,True,3,True
Devans,core,2023Q1,1,100.0,,,,94.99910881027739,True,4,True
Devans,core,2023Q2,1,106.37977751502943,2023Q1,31.0,6.38,101.0598405936338,True,4,True
Devans,core,2023Q3,1,107.25012310928076,2023Q2,39.0,0.82,101.88666115174208,True,4,True
Devans,core,2023Q4,1,107.4266808630378,2023Q3,38.0,0.16,102.05438944434671,True,4,True
Devans,core,2024Q2,1,131.3688156432098,2023Q4,34.0,22.29,124.79920411566559,True,4,True
Devans,core,2024Q3,1,131.3688156432098,2024Q2,38.0,0.0,124.79920411566559,True,4,True
Devans,core,2024Q4,1,131.3688156432098,2024Q3,33.0,0.0,124.79920411566559,True,4,True
Devans,core,2025Q1,1,146.23467439399693,2024Q4,30.0,11.32,138.92163744590798,True,4,True
Devans,core,2025Q2,1,158.17599247428174,2025Q1,37.0,8.17,150.26578320237908,True,4,True
Devans,core,2025Q3,1,160.66454252141767,2025Q2,34.0,1.57,152.62988356945596,True,4,True
Devans,core,2025Q4,1,176.4157135967026,2025Q3,36.0,9.8,167.59335571815882,True,4,True
Devans,core,2026Q3,1,177.4723711406937,2025Q4,36.0,0.6,168.59717096812693,True,4,True
Dope Coffee,secondary,2023Q1,1,100.0,,,,95.42811845137409,True,3,True
Dope Coffee,secondary,2023Q3,1,107.18637486961804,2023Q1,10.0,7.19,102.28594077431296,True,3,True
Dope Coffee,secondary,2024Q1,1,107.18637486961804,2023Q3,12.0,0.0,102.28594077431296,True,3,True
Dope Coffee,secondary,2024Q2,1,107.18637486961804,2024Q1,10.0,0.0,102.28594077431296,True,3,True
Dope Coffee,secondary,2024Q3,1,114.46098937345948,2024Q2,8.0,6.79,109.22796851991963,True,3,True
Dope Coffee,secondary,2025Q1,1,115.35267823199486,2024Q3,9.0,0.78,110.07889042006047,True,3,True
Dope Coffee,secondary,2025Q2,1,132.95788091585902,2025Q1,7.0,15.26,126.87920409082285,True,3,True
Dope Coffee,secondary,2025Q3,1,132.95788091585902,2025Q2,4.0,0.0,126.87920409082285,True,3,True
Dope Coffee,secondary,2025Q4,1,132.95788091585902,2025Q3,6.0,0.0,126.87920409082285,True,3,True
Dope Coffee,secondary,2026Q3,1,132.95788091585902,2025Q4,3.0,0.0,126.87920409082285,True,3,True
Grey Soul,core,2023Q1,1,100.0,,,,100.0,True,1,False
Grey Soul,core,2023Q2,2,100.0,,,,100.0,True,2,True
Grey Soul,core,2023Q3,2,100.0,2023Q2,10.0,0.0,100.0,True,2,True
Grey Soul,core,2024Q2,2,100.0,2023Q3,15.0,0.0,100.0,True,2,True
Grey Soul,core,2024Q3,2,100.0,2024Q2,25.0,0.0,100.0,True,2,True
Grey Soul,core,2024Q4,2,100.0,2024Q3,27.0,0.0,100.0,True,2,True
Grey Soul,core,2025Q1,2,106.37270592023327,2024Q4,32.0,6.37,106.37270592023327,True,2,True
Grey Soul,core,2025Q2,2,108.51958547281681,2025Q1,16.0,2.02,108.51958547281681,True,2,True
Grey Soul,core,2025Q3,2,108.64204098064657,2025Q2,16.0,0.11,108.64204098064656,True,2,True
Grey Soul,core,2025Q4,2,108.64204098064657,2025Q3,8.0,0.0,108.64204098064656,True,2,True
Grey Soul,core,2026Q3,3,100.0,,,,100.0,False,0,False
Kapi Kottai,core,2023Q1,1,100.0,,,,96.55246595158421,True,4,True
Kapi Kottai,core,2023Q2,1,103.29403851456283,2023Q1,26.0,3.29,99.73294136678956,True,4,True
Kapi Kottai,core,2023Q3,1,104.17603157521093,2023Q2,14.0,0.85,100.58452741636714,True,4,True
Kapi Kottai,core,2024Q1,1,106.81246123426114,2023Q3,14.0,2.53,103.13006526525908,True,4,True
Kapi Kottai,core,2024Q3,1,108.07087476578023,2024Q1,27.0,1.18,104.34509456180918,True,4,True
Kapi Kottai,core,2024Q4,1,110.86319196802243,2024Q3,12.0,2.58,107.0411456777643,True,4,True
Kapi Kottai,core,2025Q1,1,110.86319196802243,2024Q4,10.0,0.0,107.0411456777643,True,4,True
Kapi Kottai,core,2025Q2,1,110.86319196802243,2025Q1,14.0,0.0,107.0411456777643,True,4,True
Kapi Kottai,core,2025Q3,1,151.41608990071163,2025Q2,10.0,36.58,146.19596864660474,True,4,True
Kapi Kottai,core,2026Q3,1,157.61764840480575,2025Q3,10.0,4.1,152.1837263097378,True,4,True
Third Wave Coffee,core,2023Q1,1,100.0,,,,91.57973522256265,True,4,True
Third Wave Coffee,core,2023Q2,1,100.0,2023Q1,24.0,0.0,91.57973522256265,True,4,True
Third Wave Coffee,core,2023Q3,1,118.38892579668179,2023Q2,10.0,18.39,108.42026477743734,True,4,True
Third Wave Coffee,core,2023Q4,1,118.38892579668179,2023Q3,11.0,0.0,108.42026477743734,True,4,True
Third Wave Coffee,core,2024Q2,1,118.38892579668179,2023Q4,14.0,0.0,108.42026477743734,True,4,True
Third Wave Coffee,core,2024Q3,1,118.38892579668179,2024Q2,14.0,0.0,108.42026477743734,True,4,True
Third Wave Coffee,core,2024Q4,1,113.48367210776817,2024Q3,14.0,-4.14,103.92804643713527,True,4,True
Third Wave Coffee,core,2025Q1,1,113.48367210776817,2024Q4,14.0,0.0,103.92804643713527,True,4,True
Third Wave Coffee,core,2025Q2,1,113.48367210776817,2025Q1,14.0,0.0,103.92804643713527,True,4,True
Third Wave Coffee,core,2025Q3,1,113.48367210776817,2025Q2,14.0,0.0,103.92804643713527,True,4,True
Third Wave Coffee,core,2025Q4,1,113.48367210776817,2025Q3,14.0,0.0,103.92804643713527,True,4,True
Third Wave Coffee,core,2026Q2,1,152.06167617843545,2025Q4,14.0,33.99,139.2576804192018,True,4,True
Third Wave Coffee,core,2026Q3,1,152.06167617843545,2026Q2,14.0,0.0,139.2576804192018,True,4,True
