roaster,tier,step_quarter,linked_from,span_quarters,step_pct,quarters_after_earliest,quarters_after_latest,index_before,index_after
Araku,core,2026Q3,2025Q4,3,21.1,7,9,100.0,121.1
Black Baza,secondary,2025Q4,2024Q4,4,40.8,3,6,101.3,142.6
Bloom,secondary,2025Q3,2025Q1,2,13.9,4,5,111.4,126.8
Blue Tokai,core,2025Q3,2025Q2,1,25.3,5,5,107.2,134.3
Corridor Seven,core,2026Q3,2024Q3,8,35.0,2,9,104.2,140.7
Devans,core,2024Q2,2023Q4,2,22.3,0,0,102.1,124.8
Dope Coffee,secondary,2025Q2,2025Q1,1,15.3,4,4,110.1,126.9
Grey Soul,core,2025Q1,2024Q4,1,6.4,3,3,100.0,106.4
Kapi Kottai,core,2025Q3,2025Q2,1,36.6,5,5,107.0,146.2
Third Wave Coffee,core,2026Q2,2025Q4,2,34.0,7,8,103.9,139.3
