date,cpi,source
2022-01-01,165.7,old base
2022-02-01,166.1,old base
2022-03-01,167.7,old base
2022-04-01,170.1,old base
2022-05-01,171.7,old base
2022-06-01,172.6,old base
2022-07-01,173.4,old base
2022-08-01,174.3,old base
2022-09-01,175.3,old base
2022-10-01,176.7,old base
2022-11-01,176.5,old base
2022-12-01,175.7,old base
2023-01-01,176.5,old base
2023-02-01,176.8,old base
2023-03-01,177.2,old base
2023-04-01,178.1,old base
2023-05-01,179.1,old base
2023-06-01,181.0,old base
2023-07-01,186.3,old base
2023-08-01,186.2,old base
2023-09-01,184.1,old base
2023-10-01,185.3,old base
2023-11-01,186.3,old base
2023-12-01,185.7,old base
2024-01-01,185.5,old base
2024-02-01,185.8,old base
2024-03-01,185.8,old base
2024-04-01,186.7,old base
2024-05-01,187.7,old base
2024-06-01,190.2,old base
2024-07-01,193.0,old base
2024-08-01,193.0,old base
2024-09-01,194.2,old base
2024-10-01,196.8,old base
2024-11-01,196.5,old base
2024-12-01,195.4,old base
2025-01-01,193.4,old base
2025-02-01,192.5,old base
2025-03-01,192.0,old base
2025-04-01,192.6,old base
2025-05-01,193.0,old base
2025-06-01,194.2,old base
2025-07-01,196.1,old base
2025-08-01,197.0,old base
2025-09-01,197.0,old base
2025-10-01,197.3,old base
2025-11-01,197.9,old base
2025-12-01,198.0,old base
2026-01-01,198.3029479745347,"new base, linked"
2026-02-01,198.53077328575483,"new base, linked"
2026-03-01,199.0433802360002,"new base, linked"
2026-04-01,199.5749726288472,"new base, linked"
2026-05-01,201.0748225943798,"new base, linked"
2026-06-01,203.14423583796278,"new base, linked"
2026-07-01,204.94785288512227,"new base, linked"
2026-08-01,206.44770285065488,"new base, linked"
