quarter,cpi,cpi_months,cpi_index
2022Q1,166.5,3,91.15961601635215
2022Q2,171.46666666666667,3,93.87889184947257
2022Q3,174.33333333333334,3,95.44840675986423
2022Q4,176.29999999999998,3,96.52516698908639
2023Q1,176.83333333333334,3,96.81716976311276
2023Q2,179.4,3,98.22243311311458
2023Q3,185.53333333333333,3,101.58046501441763
2023Q4,185.76666666666665,3,101.70821622805416
2024Q1,185.70000000000002,3,101.67171588130088
2024Q2,188.19999999999996,3,103.04047888454937
2024Q3,193.4,3,105.88750593130634
2024Q4,196.23333333333335,3,107.43877066832135
2025Q1,192.63333333333333,3,105.46775194364346
2025Q2,193.26666666666665,3,105.81450523779974
2025Q3,196.70000000000002,3,107.69427309559441
2025Q4,197.73333333333335,3,108.26002847027047
2026Q1,198.62570049876322,3,108.74860413481213
2026Q2,201.2646770203966,3,110.19345750651344
2026Q3,205.6977778678886,2,112.62060327840014
