term,coef,ci_low,ci_high,n_obs,n_roasters,sample
dcost_lag0,-0.044,-0.193,0.105,70,7,core
dcost_lag1,-0.122,-0.288,0.044,70,7,core
dcost_lag2,0.109,-0.093,0.31,70,7,core
dcost_lag3,0.029,-0.116,0.175,70,7,core
sum_lags_0_3 (long-run % pass-through),-0.028,-0.245,0.189,70,7,core
dcost_lag0,-0.063,-0.185,0.059,95,10,all
dcost_lag1,-0.018,-0.171,0.136,95,10,all
dcost_lag2,0.1,-0.056,0.256,95,10,all
dcost_lag3,0.114,-0.037,0.266,95,10,all
sum_lags_0_3 (long-run % pass-through),0.134,-0.102,0.37,95,10,all
