roaster,tier,quarter,lag,roast_loss,base_price_100g,retail_change_pct,retail_change_rs,cost_change_rs,cost_change_pct,rupee_pass_through_pct,percent_pass_through_pct,reliable,rupee_pt_at_15pct_loss,rupee_pt_at_18pct_loss,rupee_pt_at_20pct_loss,partial
Araku,core,2026Q3,avg0-3,0.18,256.0,21.1,54.0,42.32,92.4,127.6,22.8,True,132.2,127.6,124.5,False
Black Baza,secondary,2026Q3,avg0-3,0.18,164.0,52.1,85.5,42.32,92.4,202.0,56.4,True,209.4,202.0,197.1,False
Bloom,secondary,2026Q3,avg0-3,0.18,180.0,27.2,48.94,42.32,92.4,115.6,29.4,True,119.9,115.6,112.8,False
Blue Tokai,core,2026Q3,avg0-3,0.18,188.0,37.2,70.0,42.32,92.4,165.4,40.3,True,171.4,165.4,161.3,False
Corridor Seven,core,2026Q3,avg0-3,0.18,196.0,40.7,79.72,42.32,92.4,188.4,44.0,True,195.2,188.4,183.8,True
Devans,core,2026Q3,avg0-3,0.18,126.0,68.6,86.43,42.32,92.4,204.2,74.2,True,211.7,204.2,199.2,False
Dope Coffee,secondary,2026Q3,avg0-3,0.18,200.0,26.9,53.76,42.32,92.4,127.0,29.1,True,131.7,127.0,123.9,False
Grey Soul,core,2025Q4,avg0-3,0.18,259.6,8.6,22.43,44.25,96.6,50.7,8.9,True,52.6,50.7,49.5,False
Kapi Kottai,core,2026Q3,avg0-3,0.18,192.0,52.2,100.19,42.32,92.4,236.7,56.5,True,245.4,236.7,231.0,False
Third Wave Coffee,core,2026Q3,avg0-3,0.18,172.0,39.3,67.52,42.32,92.4,159.5,42.5,True,165.4,159.5,155.6,False
