roaster,tier,quarter,lag,roast_loss,base_price_100g,retail_change_pct,retail_change_rs,cost_change_rs,cost_change_pct,rupee_pass_through_pct,percent_pass_through_pct,reliable,rupee_pt_at_15pct_loss,rupee_pt_at_18pct_loss,rupee_pt_at_20pct_loss,partial,cpi_ratio,cpi_months,inflation_part_rs,real_change_rs,real_rupee_pass_through_pct,pass_through_from_inflation_pts
Araku,core,2026Q3,avg0-3,0.18,256.0,21.1,54.0,42.32,92.4,127.6,22.8,True,132.2,127.6,124.5,False,1.13,2,32.31,21.69,51.26,76.34
Black Baza,secondary,2026Q3,avg0-3,0.18,164.0,52.1,85.5,42.32,92.4,202.0,56.4,True,209.4,202.0,197.1,False,1.13,2,20.7,64.8,153.12,48.88
Bloom,secondary,2026Q3,avg0-3,0.18,180.0,27.2,48.94,42.32,92.4,115.6,29.4,True,119.9,115.6,112.8,False,1.13,2,22.72,26.22,61.96,53.64
Blue Tokai,core,2026Q3,avg0-3,0.18,188.0,37.2,70.0,42.32,92.4,165.4,40.3,True,171.4,165.4,161.3,False,1.13,2,23.73,46.27,109.34,56.06
Corridor Seven,core,2026Q3,avg0-3,0.18,196.0,40.7,79.72,42.32,92.4,188.4,44.0,True,195.2,188.4,183.8,True,1.13,2,24.74,54.98,129.92,58.48
Devans,core,2026Q3,avg0-3,0.18,126.0,68.6,86.43,42.32,92.4,204.2,74.2,True,211.7,204.2,199.2,False,1.13,2,15.9,70.53,166.65,37.55
Dope Coffee,secondary,2026Q3,avg0-3,0.18,200.0,26.9,53.76,42.32,92.4,127.0,29.1,True,131.7,127.0,123.9,False,1.13,2,25.24,28.52,67.39,59.61
Grey Soul,core,2025Q4,avg0-3,0.18,259.6,8.6,22.43,44.25,96.6,50.7,8.9,True,52.6,50.7,49.5,False,1.08,3,21.44,0.99,2.23,48.47
Kapi Kottai,core,2026Q3,avg0-3,0.18,192.0,52.2,100.19,42.32,92.4,236.7,56.5,True,245.4,236.7,231.0,False,1.13,2,24.23,75.96,179.49,57.21
Third Wave Coffee,core,2026Q3,avg0-3,0.18,172.0,39.3,67.52,42.32,92.4,159.5,42.5,True,165.4,159.5,155.6,False,1.13,2,21.71,45.81,108.25,51.25
