roaster,tier,quarter,lag,roast_loss,base_price_100g,retail_change_pct,retail_change_rs,cost_change_rs,cost_change_pct,rupee_pass_through_pct,percent_pass_through_pct,reliable
Araku,core,2024Q2,0,0.15,256.0,0.0,0.0,7.59,17.2,0.0,0.0,False
Araku,core,2024Q2,1,0.15,256.0,0.0,0.0,0.35,0.8,0.0,0.0,False
Araku,core,2024Q2,2,0.15,256.0,0.0,0.0,-1.59,-3.6,-0.0,-0.0,False
Araku,core,2024Q2,3,0.15,256.0,0.0,0.0,-3.86,-8.7,-0.0,-0.0,False
Araku,core,2024Q2,avg0-3,0.15,256.0,0.0,0.0,0.63,1.4,0.0,0.0,False
Araku,core,2024Q3,0,0.15,256.0,0.0,0.0,13.46,30.5,0.0,0.0,True
Araku,core,2024Q3,1,0.15,256.0,0.0,0.0,7.59,17.2,0.0,0.0,False
Araku,core,2024Q3,2,0.15,256.0,0.0,0.0,0.35,0.8,0.0,0.0,False
Araku,core,2024Q3,3,0.15,256.0,0.0,0.0,-1.59,-3.6,-0.0,-0.0,False
Araku,core,2024Q3,avg0-3,0.15,256.0,0.0,0.0,4.95,11.2,0.0,0.0,False
Araku,core,2024Q4,0,0.15,256.0,0.0,0.0,23.35,52.9,0.0,0.0,True
Araku,core,2024Q4,1,0.15,256.0,0.0,0.0,13.46,30.5,0.0,0.0,True
Araku,core,2024Q4,2,0.15,256.0,0.0,0.0,7.59,17.2,0.0,0.0,False
Araku,core,2024Q4,3,0.15,256.0,0.0,0.0,0.35,0.8,0.0,0.0,False
Araku,core,2024Q4,avg0-3,0.15,256.0,0.0,0.0,11.19,25.3,0.0,0.0,True
Araku,core,2025Q1,0,0.15,256.0,0.0,0.0,43.4,98.2,0.0,0.0,True
Araku,core,2025Q1,1,0.15,256.0,0.0,0.0,23.35,52.9,0.0,0.0,True
Araku,core,2025Q1,2,0.15,256.0,0.0,0.0,13.46,30.5,0.0,0.0,True
Araku,core,2025Q1,3,0.15,256.0,0.0,0.0,7.59,17.2,0.0,0.0,False
Araku,core,2025Q1,avg0-3,0.15,256.0,0.0,0.0,21.95,49.7,0.0,0.0,True
Araku,core,2025Q2,0,0.15,256.0,-5.1,-12.94,41.1,93.0,-31.5,-5.4,True
Araku,core,2025Q2,1,0.15,256.0,-5.1,-12.94,43.4,98.2,-29.8,-5.1,True
Araku,core,2025Q2,2,0.15,256.0,-5.1,-12.94,23.35,52.9,-55.4,-9.6,True
Araku,core,2025Q2,3,0.15,256.0,-5.1,-12.94,13.46,30.5,-96.2,-16.6,True
Araku,core,2025Q2,avg0-3,0.15,256.0,-5.1,-12.94,30.33,68.6,-42.7,-7.4,True
Araku,core,2025Q3,0,0.15,256.0,0.0,0.0,38.41,86.9,0.0,0.0,True
Araku,core,2025Q3,1,0.15,256.0,0.0,0.0,41.1,93.0,0.0,0.0,True
Araku,core,2025Q3,2,0.15,256.0,0.0,0.0,43.4,98.2,0.0,0.0,True
Araku,core,2025Q3,3,0.15,256.0,0.0,0.0,23.35,52.9,0.0,0.0,True
Araku,core,2025Q3,avg0-3,0.15,256.0,0.0,0.0,36.56,82.7,0.0,0.0,True
Araku,core,2025Q4,0,0.15,256.0,0.0,0.0,47.84,108.3,0.0,0.0,True
Araku,core,2025Q4,1,0.15,256.0,0.0,0.0,38.41,86.9,0.0,0.0,True
Araku,core,2025Q4,2,0.15,256.0,0.0,0.0,41.1,93.0,0.0,0.0,True
Araku,core,2025Q4,3,0.15,256.0,0.0,0.0,43.4,98.2,0.0,0.0,True
Araku,core,2025Q4,avg0-3,0.15,256.0,0.0,0.0,42.69,96.6,0.0,0.0,True
Araku,core,2026Q3,0,0.15,256.0,21.1,54.0,45.16,102.2,119.6,20.6,True
Araku,core,2026Q3,1,0.15,256.0,21.1,54.0,33.9,76.7,159.3,27.5,True
Araku,core,2026Q3,2,0.15,256.0,21.1,54.0,36.42,82.4,148.2,25.6,True
Araku,core,2026Q3,3,0.15,256.0,21.1,54.0,47.84,108.3,112.9,19.5,True
Araku,core,2026Q3,avg0-3,0.15,256.0,21.1,54.0,40.83,92.4,132.2,22.8,True
Black Baza,secondary,2024Q2,0,0.15,164.0,5.0,8.12,7.59,17.2,106.9,28.8,False
Black Baza,secondary,2024Q2,1,0.15,164.0,5.0,8.12,0.35,0.8,2303.2,620.6,False
Black Baza,secondary,2024Q2,2,0.15,164.0,5.0,8.12,-1.59,-3.6,-511.9,-137.9,False
Black Baza,secondary,2024Q2,3,0.15,164.0,5.0,8.12,-3.86,-8.7,-210.4,-56.7,False
Black Baza,secondary,2024Q2,avg0-3,0.15,164.0,5.0,8.12,0.63,1.4,1297.9,349.7,False
Black Baza,secondary,2024Q3,0,0.15,164.0,5.0,8.12,13.46,30.5,60.3,16.3,True
Black Baza,secondary,2024Q3,1,0.15,164.0,5.0,8.12,7.59,17.2,106.9,28.8,False
Black Baza,secondary,2024Q3,2,0.15,164.0,5.0,8.12,0.35,0.8,2303.2,620.6,False
Black Baza,secondary,2024Q3,3,0.15,164.0,5.0,8.12,-1.59,-3.6,-511.9,-137.9,False
Black Baza,secondary,2024Q3,avg0-3,0.15,164.0,5.0,8.12,4.95,11.2,163.9,44.2,False
Black Baza,secondary,2024Q4,0,0.15,164.0,1.3,2.15,23.35,52.9,9.2,2.5,True
Black Baza,secondary,2024Q4,1,0.15,164.0,1.3,2.15,13.46,30.5,16.0,4.3,True
Black Baza,secondary,2024Q4,2,0.15,164.0,1.3,2.15,7.59,17.2,28.4,7.6,False
Black Baza,secondary,2024Q4,3,0.15,164.0,1.3,2.15,0.35,0.8,611.1,164.7,False
Black Baza,secondary,2024Q4,avg0-3,0.15,164.0,1.3,2.15,11.19,25.3,19.3,5.2,True
Black Baza,secondary,2025Q4,0,0.15,164.0,42.6,69.88,47.84,108.3,146.1,39.4,True
Black Baza,secondary,2025Q4,1,0.15,164.0,42.6,69.88,38.41,86.9,181.9,49.0,True
Black Baza,secondary,2025Q4,2,0.15,164.0,42.6,69.88,41.1,93.0,170.0,45.8,True
Black Baza,secondary,2025Q4,3,0.15,164.0,42.6,69.88,43.4,98.2,161.0,43.4,True
Black Baza,secondary,2025Q4,avg0-3,0.15,164.0,42.6,69.88,42.69,96.6,163.7,44.1,True
Black Baza,secondary,2026Q1,0,0.15,164.0,42.6,69.88,36.42,82.4,191.8,51.7,True
Black Baza,secondary,2026Q1,1,0.15,164.0,42.6,69.88,47.84,108.3,146.1,39.4,True
Black Baza,secondary,2026Q1,2,0.15,164.0,42.6,69.88,38.41,86.9,181.9,49.0,True
Black Baza,secondary,2026Q1,3,0.15,164.0,42.6,69.88,41.1,93.0,170.0,45.8,True
Black Baza,secondary,2026Q1,avg0-3,0.15,164.0,42.6,69.88,40.94,92.7,170.7,46.0,True
Black Baza,secondary,2026Q2,0,0.15,164.0,42.6,69.88,33.9,76.7,206.2,55.5,True
Black Baza,secondary,2026Q2,1,0.15,164.0,42.6,69.88,36.42,82.4,191.8,51.7,True
Black Baza,secondary,2026Q2,2,0.15,164.0,42.6,69.88,47.84,108.3,146.1,39.4,True
Black Baza,secondary,2026Q2,3,0.15,164.0,42.6,69.88,38.41,86.9,181.9,49.0,True
Black Baza,secondary,2026Q2,avg0-3,0.15,164.0,42.6,69.88,39.14,88.6,178.5,48.1,True
Black Baza,secondary,2026Q3,0,0.15,164.0,52.1,85.5,45.16,102.2,189.3,51.0,True
Black Baza,secondary,2026Q3,1,0.15,164.0,52.1,85.5,33.9,76.7,252.3,68.0,True
Black Baza,secondary,2026Q3,2,0.15,164.0,52.1,85.5,36.42,82.4,234.8,63.3,True
Black Baza,secondary,2026Q3,3,0.15,164.0,52.1,85.5,47.84,108.3,178.7,48.2,True
Black Baza,secondary,2026Q3,avg0-3,0.15,164.0,52.1,85.5,40.83,92.4,209.4,56.4,True
Bloom,secondary,2024Q2,0,0.15,180.0,3.4,6.09,7.59,17.2,80.1,19.7,False
Bloom,secondary,2024Q2,1,0.15,180.0,3.4,6.09,0.35,0.8,1726.2,423.8,False
Bloom,secondary,2024Q2,2,0.15,180.0,3.4,6.09,-1.59,-3.6,-383.6,-94.2,False
Bloom,secondary,2024Q2,3,0.15,180.0,3.4,6.09,-3.86,-8.7,-157.7,-38.7,False
Bloom,secondary,2024Q2,avg0-3,0.15,180.0,3.4,6.09,0.63,1.4,972.8,238.8,False
Bloom,secondary,2024Q3,0,0.15,180.0,3.4,6.09,13.46,30.5,45.2,11.1,True
Bloom,secondary,2024Q3,1,0.15,180.0,3.4,6.09,7.59,17.2,80.1,19.7,False
Bloom,secondary,2024Q3,2,0.15,180.0,3.4,6.09,0.35,0.8,1726.2,423.8,False
Bloom,secondary,2024Q3,3,0.15,180.0,3.4,6.09,-1.59,-3.6,-383.6,-94.2,False
Bloom,secondary,2024Q3,avg0-3,0.15,180.0,3.4,6.09,4.95,11.2,122.8,30.2,False
Bloom,secondary,2024Q4,0,0.15,180.0,5.0,9.06,23.35,52.9,38.8,9.5,True
Bloom,secondary,2024Q4,1,0.15,180.0,5.0,9.06,13.46,30.5,67.4,16.5,True
Bloom,secondary,2024Q4,2,0.15,180.0,5.0,9.06,7.59,17.2,119.3,29.3,False
Bloom,secondary,2024Q4,3,0.15,180.0,5.0,9.06,0.35,0.8,2570.8,631.1,False
Bloom,secondary,2024Q4,avg0-3,0.15,180.0,5.0,9.06,11.19,25.3,81.0,19.9,True
Bloom,secondary,2025Q1,0,0.15,180.0,11.4,20.48,43.4,98.2,47.2,11.6,True
Bloom,secondary,2025Q1,1,0.15,180.0,11.4,20.48,23.35,52.9,87.7,21.5,True
Bloom,secondary,2025Q1,2,0.15,180.0,11.4,20.48,13.46,30.5,152.2,37.4,True
Bloom,secondary,2025Q1,3,0.15,180.0,11.4,20.48,7.59,17.2,269.6,66.2,False
Bloom,secondary,2025Q1,avg0-3,0.15,180.0,11.4,20.48,21.95,49.7,93.3,22.9,True
Bloom,secondary,2025Q3,0,0.15,180.0,26.8,48.32,38.41,86.9,125.8,30.9,True
Bloom,secondary,2025Q3,1,0.15,180.0,26.8,48.32,41.1,93.0,117.6,28.9,True
Bloom,secondary,2025Q3,2,0.15,180.0,26.8,48.32,43.4,98.2,111.3,27.3,True
Bloom,secondary,2025Q3,3,0.15,180.0,26.8,48.32,23.35,52.9,206.9,50.8,True
Bloom,secondary,2025Q3,avg0-3,0.15,180.0,26.8,48.32,36.56,82.7,132.1,32.4,True
Bloom,secondary,2026Q3,0,0.15,180.0,27.2,48.94,45.16,102.2,108.4,26.6,True
Bloom,secondary,2026Q3,1,0.15,180.0,27.2,48.94,33.9,76.7,144.4,35.4,True
Bloom,secondary,2026Q3,2,0.15,180.0,27.2,48.94,36.42,82.4,134.4,33.0,True
Bloom,secondary,2026Q3,3,0.15,180.0,27.2,48.94,47.84,108.3,102.3,25.1,True
Bloom,secondary,2026Q3,avg0-3,0.15,180.0,27.2,48.94,40.83,92.4,119.9,29.4,True
Blue Tokai,core,2024Q3,0,0.15,188.0,3.4,6.36,13.46,30.5,47.3,11.1,True
Blue Tokai,core,2024Q3,1,0.15,188.0,3.4,6.36,7.59,17.2,83.8,19.7,False
Blue Tokai,core,2024Q3,2,0.15,188.0,3.4,6.36,0.35,0.8,1804.2,424.1,False
Blue Tokai,core,2024Q3,3,0.15,188.0,3.4,6.36,-1.59,-3.6,-401.0,-94.2,False
Blue Tokai,core,2024Q3,avg0-3,0.15,188.0,3.4,6.36,4.95,11.2,128.4,30.2,False
Blue Tokai,core,2024Q4,0,0.15,188.0,7.2,13.62,23.35,52.9,58.3,13.7,True
Blue Tokai,core,2024Q4,1,0.15,188.0,7.2,13.62,13.46,30.5,101.3,23.8,True
Blue Tokai,core,2024Q4,2,0.15,188.0,7.2,13.62,7.59,17.2,179.4,42.2,False
Blue Tokai,core,2024Q4,3,0.15,188.0,7.2,13.62,0.35,0.8,3864.8,908.4,False
Blue Tokai,core,2024Q4,avg0-3,0.15,188.0,7.2,13.62,11.19,25.3,121.8,28.6,True
Blue Tokai,core,2025Q1,0,0.15,188.0,7.2,13.62,43.4,98.2,31.4,7.4,True
Blue Tokai,core,2025Q1,1,0.15,188.0,7.2,13.62,23.35,52.9,58.3,13.7,True
Blue Tokai,core,2025Q1,2,0.15,188.0,7.2,13.62,13.46,30.5,101.3,23.8,True
Blue Tokai,core,2025Q1,3,0.15,188.0,7.2,13.62,7.59,17.2,179.4,42.2,False
Blue Tokai,core,2025Q1,avg0-3,0.15,188.0,7.2,13.62,21.95,49.7,62.1,14.6,True
Blue Tokai,core,2025Q2,0,0.15,188.0,7.2,13.62,41.1,93.0,33.2,7.8,True
Blue Tokai,core,2025Q2,1,0.15,188.0,7.2,13.62,43.4,98.2,31.4,7.4,True
Blue Tokai,core,2025Q2,2,0.15,188.0,7.2,13.62,23.35,52.9,58.3,13.7,True
Blue Tokai,core,2025Q2,3,0.15,188.0,7.2,13.62,13.46,30.5,101.3,23.8,True
Blue Tokai,core,2025Q2,avg0-3,0.15,188.0,7.2,13.62,30.33,68.6,44.9,10.6,True
Blue Tokai,core,2025Q3,0,0.15,188.0,34.3,64.57,38.41,86.9,168.1,39.5,True
Blue Tokai,core,2025Q3,1,0.15,188.0,34.3,64.57,41.1,93.0,157.1,36.9,True
Blue Tokai,core,2025Q3,2,0.15,188.0,34.3,64.57,43.4,98.2,148.8,35.0,True
Blue Tokai,core,2025Q3,3,0.15,188.0,34.3,64.57,23.35,52.9,276.5,65.0,True
Blue Tokai,core,2025Q3,avg0-3,0.15,188.0,34.3,64.57,36.56,82.7,176.6,41.5,True
Blue Tokai,core,2025Q4,0,0.15,188.0,34.3,64.57,47.84,108.3,135.0,31.7,True
Blue Tokai,core,2025Q4,1,0.15,188.0,34.3,64.57,38.41,86.9,168.1,39.5,True
Blue Tokai,core,2025Q4,2,0.15,188.0,34.3,64.57,41.1,93.0,157.1,36.9,True
Blue Tokai,core,2025Q4,3,0.15,188.0,34.3,64.57,43.4,98.2,148.8,35.0,True
Blue Tokai,core,2025Q4,avg0-3,0.15,188.0,34.3,64.57,42.69,96.6,151.3,35.6,True
Blue Tokai,core,2026Q1,0,0.15,188.0,34.3,64.57,36.42,82.4,177.3,41.7,True
Blue Tokai,core,2026Q1,1,0.15,188.0,34.3,64.57,47.84,108.3,135.0,31.7,True
Blue Tokai,core,2026Q1,2,0.15,188.0,34.3,64.57,38.41,86.9,168.1,39.5,True
Blue Tokai,core,2026Q1,3,0.15,188.0,34.3,64.57,41.1,93.0,157.1,36.9,True
Blue Tokai,core,2026Q1,avg0-3,0.15,188.0,34.3,64.57,40.94,92.7,157.7,37.1,True
Blue Tokai,core,2026Q2,0,0.15,188.0,34.3,64.57,33.9,76.7,190.5,44.8,True
Blue Tokai,core,2026Q2,1,0.15,188.0,34.3,64.57,36.42,82.4,177.3,41.7,True
Blue Tokai,core,2026Q2,2,0.15,188.0,34.3,64.57,47.84,108.3,135.0,31.7,True
Blue Tokai,core,2026Q2,3,0.15,188.0,34.3,64.57,38.41,86.9,168.1,39.5,True
Blue Tokai,core,2026Q2,avg0-3,0.15,188.0,34.3,64.57,39.14,88.6,165.0,38.8,True
Blue Tokai,core,2026Q3,0,0.15,188.0,37.2,70.0,45.16,102.2,155.0,36.4,True
Blue Tokai,core,2026Q3,1,0.15,188.0,37.2,70.0,33.9,76.7,206.5,48.5,True
Blue Tokai,core,2026Q3,2,0.15,188.0,37.2,70.0,36.42,82.4,192.2,45.2,True
Blue Tokai,core,2026Q3,3,0.15,188.0,37.2,70.0,47.84,108.3,146.3,34.4,True
Blue Tokai,core,2026Q3,avg0-3,0.15,188.0,37.2,70.0,40.83,92.4,171.4,40.3,True
Corridor Seven,core,2024Q2,0,0.15,196.0,0.0,0.0,7.59,17.2,0.0,0.0,False
Corridor Seven,core,2024Q2,1,0.15,196.0,0.0,0.0,0.35,0.8,0.0,0.0,False
Corridor Seven,core,2024Q2,2,0.15,196.0,0.0,0.0,-1.59,-3.6,-0.0,-0.0,False
Corridor Seven,core,2024Q2,3,0.15,196.0,0.0,0.0,-3.86,-8.7,-0.0,-0.0,False
Corridor Seven,core,2024Q2,avg0-3,0.15,196.0,0.0,0.0,0.63,1.4,0.0,0.0,False
Corridor Seven,core,2024Q3,0,0.15,196.0,4.2,8.19,13.46,30.5,60.9,13.7,True
Corridor Seven,core,2024Q3,1,0.15,196.0,4.2,8.19,7.59,17.2,107.8,24.3,False
Corridor Seven,core,2024Q3,2,0.15,196.0,4.2,8.19,0.35,0.8,2322.7,523.7,False
Corridor Seven,core,2024Q3,3,0.15,196.0,4.2,8.19,-1.59,-3.6,-516.2,-116.4,False
Corridor Seven,core,2024Q3,avg0-3,0.15,196.0,4.2,8.19,4.95,11.2,165.3,37.3,False
Corridor Seven,core,2025Q1,0,0.15,196.0,17.1,33.54,43.4,98.2,77.3,17.4,True
Corridor Seven,core,2025Q1,1,0.15,196.0,17.1,33.54,23.35,52.9,143.6,32.4,True
Corridor Seven,core,2025Q1,2,0.15,196.0,17.1,33.54,13.46,30.5,249.3,56.2,True
Corridor Seven,core,2025Q1,3,0.15,196.0,17.1,33.54,7.59,17.2,441.7,99.6,False
Corridor Seven,core,2025Q1,avg0-3,0.15,196.0,17.1,33.54,21.95,49.7,152.8,34.5,True
Corridor Seven,core,2025Q2,0,0.15,196.0,17.1,33.54,41.1,93.0,81.6,18.4,True
Corridor Seven,core,2025Q2,1,0.15,196.0,17.1,33.54,43.4,98.2,77.3,17.4,True
Corridor Seven,core,2025Q2,2,0.15,196.0,17.1,33.54,23.35,52.9,143.6,32.4,True
Corridor Seven,core,2025Q2,3,0.15,196.0,17.1,33.54,13.46,30.5,249.3,56.2,True
Corridor Seven,core,2025Q2,avg0-3,0.15,196.0,17.1,33.54,30.33,68.6,110.6,24.9,True
Corridor Seven,core,2025Q3,0,0.15,196.0,17.1,33.54,38.41,86.9,87.3,19.7,True
Corridor Seven,core,2025Q3,1,0.15,196.0,17.1,33.54,41.1,93.0,81.6,18.4,True
Corridor Seven,core,2025Q3,2,0.15,196.0,17.1,33.54,43.4,98.2,77.3,17.4,True
Corridor Seven,core,2025Q3,3,0.15,196.0,17.1,33.54,23.35,52.9,143.6,32.4,True
Corridor Seven,core,2025Q3,avg0-3,0.15,196.0,17.1,33.54,36.56,82.7,91.7,20.7,True
Corridor Seven,core,2026Q3,0,0.15,196.0,40.7,79.72,45.16,102.2,176.5,39.8,True
Corridor Seven,core,2026Q3,1,0.15,196.0,40.7,79.72,33.9,76.7,235.2,53.0,True
Corridor Seven,core,2026Q3,2,0.15,196.0,40.7,79.72,36.42,82.4,218.9,49.3,True
Corridor Seven,core,2026Q3,3,0.15,196.0,40.7,79.72,47.84,108.3,166.6,37.6,True
Corridor Seven,core,2026Q3,avg0-3,0.15,196.0,40.7,79.72,40.83,92.4,195.2,44.0,True
Devans,core,2024Q2,0,0.15,126.0,24.8,31.25,7.59,17.2,411.5,144.3,False
Devans,core,2024Q2,1,0.15,126.0,24.8,31.25,0.35,0.8,8863.4,3108.4,False
Devans,core,2024Q2,2,0.15,126.0,24.8,31.25,-1.59,-3.6,-1969.9,-690.8,False
Devans,core,2024Q2,3,0.15,126.0,24.8,31.25,-3.86,-8.7,-809.9,-284.0,False
Devans,core,2024Q2,avg0-3,0.15,126.0,24.8,31.25,0.63,1.4,4994.8,1751.7,False
Devans,core,2024Q3,0,0.15,126.0,24.8,31.25,13.46,30.5,232.2,81.4,True
Devans,core,2024Q3,1,0.15,126.0,24.8,31.25,7.59,17.2,411.5,144.3,False
Devans,core,2024Q3,2,0.15,126.0,24.8,31.25,0.35,0.8,8863.4,3108.4,False
Devans,core,2024Q3,3,0.15,126.0,24.8,31.25,-1.59,-3.6,-1969.9,-690.8,False
Devans,core,2024Q3,avg0-3,0.15,126.0,24.8,31.25,4.95,11.2,630.7,221.2,False
Devans,core,2024Q4,0,0.15,126.0,24.8,31.25,23.35,52.9,133.8,46.9,True
Devans,core,2024Q4,1,0.15,126.0,24.8,31.25,13.46,30.5,232.2,81.4,True
Devans,core,2024Q4,2,0.15,126.0,24.8,31.25,7.59,17.2,411.5,144.3,False
Devans,core,2024Q4,3,0.15,126.0,24.8,31.25,0.35,0.8,8863.4,3108.4,False
Devans,core,2024Q4,avg0-3,0.15,126.0,24.8,31.25,11.19,25.3,279.3,97.9,True
Devans,core,2025Q1,0,0.15,126.0,38.9,49.04,43.4,98.2,113.0,39.6,True
Devans,core,2025Q1,1,0.15,126.0,38.9,49.04,23.35,52.9,210.0,73.6,True
Devans,core,2025Q1,2,0.15,126.0,38.9,49.04,13.46,30.5,364.5,127.8,True
Devans,core,2025Q1,3,0.15,126.0,38.9,49.04,7.59,17.2,645.8,226.5,False
Devans,core,2025Q1,avg0-3,0.15,126.0,38.9,49.04,21.95,49.7,223.4,78.4,True
Devans,core,2025Q2,0,0.15,126.0,50.3,63.33,41.1,93.0,154.1,54.0,True
Devans,core,2025Q2,1,0.15,126.0,50.3,63.33,43.4,98.2,145.9,51.2,True
Devans,core,2025Q2,2,0.15,126.0,50.3,63.33,23.35,52.9,271.2,95.1,True
Devans,core,2025Q2,3,0.15,126.0,50.3,63.33,13.46,30.5,470.7,165.1,True
Devans,core,2025Q2,avg0-3,0.15,126.0,50.3,63.33,30.33,68.6,208.8,73.2,True
Devans,core,2025Q3,0,0.15,126.0,52.6,66.31,38.41,86.9,172.7,60.6,True
Devans,core,2025Q3,1,0.15,126.0,52.6,66.31,41.1,93.0,161.3,56.6,True
Devans,core,2025Q3,2,0.15,126.0,52.6,66.31,43.4,98.2,152.8,53.6,True
Devans,core,2025Q3,3,0.15,126.0,52.6,66.31,23.35,52.9,283.9,99.6,True
Devans,core,2025Q3,avg0-3,0.15,126.0,52.6,66.31,36.56,82.7,181.4,63.6,True
Devans,core,2025Q4,0,0.15,126.0,67.6,85.17,47.84,108.3,178.0,62.4,True
Devans,core,2025Q4,1,0.15,126.0,67.6,85.17,38.41,86.9,221.8,77.8,True
Devans,core,2025Q4,2,0.15,126.0,67.6,85.17,41.1,93.0,207.2,72.7,True
Devans,core,2025Q4,3,0.15,126.0,67.6,85.17,43.4,98.2,196.3,68.8,True
Devans,core,2025Q4,avg0-3,0.15,126.0,67.6,85.17,42.69,96.6,199.5,70.0,True
Devans,core,2026Q3,0,0.15,126.0,68.6,86.43,45.16,102.2,191.4,67.1,True
Devans,core,2026Q3,1,0.15,126.0,68.6,86.43,33.9,76.7,255.0,89.4,True
Devans,core,2026Q3,2,0.15,126.0,68.6,86.43,36.42,82.4,237.3,83.2,True
Devans,core,2026Q3,3,0.15,126.0,68.6,86.43,47.84,108.3,180.7,63.4,True
Devans,core,2026Q3,avg0-3,0.15,126.0,68.6,86.43,40.83,92.4,211.7,74.2,True
Dope Coffee,secondary,2024Q2,0,0.15,200.0,2.3,4.57,7.59,17.2,60.2,13.3,False
Dope Coffee,secondary,2024Q2,1,0.15,200.0,2.3,4.57,0.35,0.8,1296.8,286.5,False
Dope Coffee,secondary,2024Q2,2,0.15,200.0,2.3,4.57,-1.59,-3.6,-288.2,-63.7,False
Dope Coffee,secondary,2024Q2,3,0.15,200.0,2.3,4.57,-3.86,-8.7,-118.5,-26.2,False
Dope Coffee,secondary,2024Q2,avg0-3,0.15,200.0,2.3,4.57,0.63,1.4,730.8,161.5,False
Dope Coffee,secondary,2024Q3,0,0.15,200.0,9.2,18.46,13.46,30.5,137.2,30.3,True
Dope Coffee,secondary,2024Q3,1,0.15,200.0,9.2,18.46,7.59,17.2,243.0,53.7,False
Dope Coffee,secondary,2024Q3,2,0.15,200.0,9.2,18.46,0.35,0.8,5235.1,1156.7,False
Dope Coffee,secondary,2024Q3,3,0.15,200.0,9.2,18.46,-1.59,-3.6,-1163.5,-257.1,False
Dope Coffee,secondary,2024Q3,avg0-3,0.15,200.0,9.2,18.46,4.95,11.2,372.5,82.3,False
Dope Coffee,secondary,2025Q1,0,0.15,200.0,10.1,20.16,43.4,98.2,46.4,10.3,True
Dope Coffee,secondary,2025Q1,1,0.15,200.0,10.1,20.16,23.35,52.9,86.3,19.1,True
Dope Coffee,secondary,2025Q1,2,0.15,200.0,10.1,20.16,13.46,30.5,149.8,33.1,True
Dope Coffee,secondary,2025Q1,3,0.15,200.0,10.1,20.16,7.59,17.2,265.4,58.6,False
Dope Coffee,secondary,2025Q1,avg0-3,0.15,200.0,10.1,20.16,21.95,49.7,91.8,20.3,True
Dope Coffee,secondary,2025Q2,0,0.15,200.0,26.9,53.76,41.1,93.0,130.8,28.9,True
Dope Coffee,secondary,2025Q2,1,0.15,200.0,26.9,53.76,43.4,98.2,123.9,27.4,True
Dope Coffee,secondary,2025Q2,2,0.15,200.0,26.9,53.76,23.35,52.9,230.2,50.9,True
Dope Coffee,secondary,2025Q2,3,0.15,200.0,26.9,53.76,13.46,30.5,399.5,88.3,True
Dope Coffee,secondary,2025Q2,avg0-3,0.15,200.0,26.9,53.76,30.33,68.6,177.3,39.2,True
Dope Coffee,secondary,2025Q3,0,0.15,200.0,26.9,53.76,38.41,86.9,140.0,30.9,True
Dope Coffee,secondary,2025Q3,1,0.15,200.0,26.9,53.76,41.1,93.0,130.8,28.9,True
Dope Coffee,secondary,2025Q3,2,0.15,200.0,26.9,53.76,43.4,98.2,123.9,27.4,True
Dope Coffee,secondary,2025Q3,3,0.15,200.0,26.9,53.76,23.35,52.9,230.2,50.9,True
Dope Coffee,secondary,2025Q3,avg0-3,0.15,200.0,26.9,53.76,36.56,82.7,147.0,32.5,True
Dope Coffee,secondary,2025Q4,0,0.15,200.0,26.9,53.76,47.84,108.3,112.4,24.8,True
Dope Coffee,secondary,2025Q4,1,0.15,200.0,26.9,53.76,38.41,86.9,140.0,30.9,True
Dope Coffee,secondary,2025Q4,2,0.15,200.0,26.9,53.76,41.1,93.0,130.8,28.9,True
Dope Coffee,secondary,2025Q4,3,0.15,200.0,26.9,53.76,43.4,98.2,123.9,27.4,True
Dope Coffee,secondary,2025Q4,avg0-3,0.15,200.0,26.9,53.76,42.69,96.6,125.9,27.8,True
Dope Coffee,secondary,2026Q3,0,0.15,200.0,26.9,53.76,45.16,102.2,119.0,26.3,True
Dope Coffee,secondary,2026Q3,1,0.15,200.0,26.9,53.76,33.9,76.7,158.6,35.0,True
Dope Coffee,secondary,2026Q3,2,0.15,200.0,26.9,53.76,36.42,82.4,147.6,32.6,True
Dope Coffee,secondary,2026Q3,3,0.15,200.0,26.9,53.76,47.84,108.3,112.4,24.8,True
Dope Coffee,secondary,2026Q3,avg0-3,0.15,200.0,26.9,53.76,40.83,92.4,131.7,29.1,True
Grey Soul,core,2024Q2,0,0.15,259.6,0.0,0.0,7.59,17.2,0.0,0.0,False
Grey Soul,core,2024Q2,1,0.15,259.6,0.0,0.0,0.35,0.8,0.0,0.0,False
Grey Soul,core,2024Q2,2,0.15,259.6,0.0,0.0,-1.59,-3.6,-0.0,-0.0,False
Grey Soul,core,2024Q2,3,0.15,259.6,0.0,0.0,-3.86,-8.7,-0.0,-0.0,False
Grey Soul,core,2024Q2,avg0-3,0.15,259.6,0.0,0.0,0.63,1.4,0.0,0.0,False
Grey Soul,core,2024Q3,0,0.15,259.6,0.0,0.0,13.46,30.5,0.0,0.0,True
Grey Soul,core,2024Q3,1,0.15,259.6,0.0,0.0,7.59,17.2,0.0,0.0,False
Grey Soul,core,2024Q3,2,0.15,259.6,0.0,0.0,0.35,0.8,0.0,0.0,False
Grey Soul,core,2024Q3,3,0.15,259.6,0.0,0.0,-1.59,-3.6,-0.0,-0.0,False
Grey Soul,core,2024Q3,avg0-3,0.15,259.6,0.0,0.0,4.95,11.2,0.0,0.0,False
Grey Soul,core,2024Q4,0,0.15,259.6,0.0,0.0,23.35,52.9,0.0,0.0,True
Grey Soul,core,2024Q4,1,0.15,259.6,0.0,0.0,13.46,30.5,0.0,0.0,True
Grey Soul,core,2024Q4,2,0.15,259.6,0.0,0.0,7.59,17.2,0.0,0.0,False
Grey Soul,core,2024Q4,3,0.15,259.6,0.0,0.0,0.35,0.8,0.0,0.0,False
Grey Soul,core,2024Q4,avg0-3,0.15,259.6,0.0,0.0,11.19,25.3,0.0,0.0,True
Grey Soul,core,2025Q1,0,0.15,259.6,6.4,16.54,43.4,98.2,38.1,6.5,True
Grey Soul,core,2025Q1,1,0.15,259.6,6.4,16.54,23.35,52.9,70.8,12.1,True
Grey Soul,core,2025Q1,2,0.15,259.6,6.4,16.54,13.46,30.5,122.9,20.9,True
Grey Soul,core,2025Q1,3,0.15,259.6,6.4,16.54,7.59,17.2,217.8,37.1,False
Grey Soul,core,2025Q1,avg0-3,0.15,259.6,6.4,16.54,21.95,49.7,75.4,12.8,True
Grey Soul,core,2025Q2,0,0.15,259.6,8.5,22.12,41.1,93.0,53.8,9.2,True
Grey Soul,core,2025Q2,1,0.15,259.6,8.5,22.12,43.4,98.2,51.0,8.7,True
Grey Soul,core,2025Q2,2,0.15,259.6,8.5,22.12,23.35,52.9,94.7,16.1,True
Grey Soul,core,2025Q2,3,0.15,259.6,8.5,22.12,13.46,30.5,164.4,28.0,True
Grey Soul,core,2025Q2,avg0-3,0.15,259.6,8.5,22.12,30.33,68.6,72.9,12.4,True
Grey Soul,core,2025Q3,0,0.15,259.6,8.6,22.43,38.41,86.9,58.4,9.9,True
Grey Soul,core,2025Q3,1,0.15,259.6,8.6,22.43,41.1,93.0,54.6,9.3,True
Grey Soul,core,2025Q3,2,0.15,259.6,8.6,22.43,43.4,98.2,51.7,8.8,True
Grey Soul,core,2025Q3,3,0.15,259.6,8.6,22.43,23.35,52.9,96.1,16.4,True
Grey Soul,core,2025Q3,avg0-3,0.15,259.6,8.6,22.43,36.56,82.7,61.4,10.4,True
Grey Soul,core,2025Q4,0,0.15,259.6,8.6,22.43,47.84,108.3,46.9,8.0,True
Grey Soul,core,2025Q4,1,0.15,259.6,8.6,22.43,38.41,86.9,58.4,9.9,True
Grey Soul,core,2025Q4,2,0.15,259.6,8.6,22.43,41.1,93.0,54.6,9.3,True
Grey Soul,core,2025Q4,3,0.15,259.6,8.6,22.43,43.4,98.2,51.7,8.8,True
Grey Soul,core,2025Q4,avg0-3,0.15,259.6,8.6,22.43,42.69,96.6,52.6,8.9,True
Kapi Kottai,core,2024Q3,0,0.15,192.0,4.3,8.34,13.46,30.5,62.0,14.3,True
Kapi Kottai,core,2024Q3,1,0.15,192.0,4.3,8.34,7.59,17.2,109.9,25.3,False
Kapi Kottai,core,2024Q3,2,0.15,192.0,4.3,8.34,0.35,0.8,2366.4,544.6,False
Kapi Kottai,core,2024Q3,3,0.15,192.0,4.3,8.34,-1.59,-3.6,-525.9,-121.0,False
Kapi Kottai,core,2024Q3,avg0-3,0.15,192.0,4.3,8.34,4.95,11.2,168.4,38.8,False
Kapi Kottai,core,2024Q4,0,0.15,192.0,7.0,13.52,23.35,52.9,57.9,13.3,True
Kapi Kottai,core,2024Q4,1,0.15,192.0,7.0,13.52,13.46,30.5,100.5,23.1,True
Kapi Kottai,core,2024Q4,2,0.15,192.0,7.0,13.52,7.59,17.2,178.0,41.0,False
Kapi Kottai,core,2024Q4,3,0.15,192.0,7.0,13.52,0.35,0.8,3834.7,882.6,False
Kapi Kottai,core,2024Q4,avg0-3,0.15,192.0,7.0,13.52,11.19,25.3,120.8,27.8,True
Kapi Kottai,core,2025Q1,0,0.15,192.0,7.0,13.52,43.4,98.2,31.2,7.2,True
Kapi Kottai,core,2025Q1,1,0.15,192.0,7.0,13.52,23.35,52.9,57.9,13.3,True
Kapi Kottai,core,2025Q1,2,0.15,192.0,7.0,13.52,13.46,30.5,100.5,23.1,True
Kapi Kottai,core,2025Q1,3,0.15,192.0,7.0,13.52,7.59,17.2,178.0,41.0,False
Kapi Kottai,core,2025Q1,avg0-3,0.15,192.0,7.0,13.52,21.95,49.7,61.6,14.2,True
Kapi Kottai,core,2025Q2,0,0.15,192.0,7.0,13.52,41.1,93.0,32.9,7.6,True
Kapi Kottai,core,2025Q2,1,0.15,192.0,7.0,13.52,43.4,98.2,31.2,7.2,True
Kapi Kottai,core,2025Q2,2,0.15,192.0,7.0,13.52,23.35,52.9,57.9,13.3,True
Kapi Kottai,core,2025Q2,3,0.15,192.0,7.0,13.52,13.46,30.5,100.5,23.1,True
Kapi Kottai,core,2025Q2,avg0-3,0.15,192.0,7.0,13.52,30.33,68.6,44.6,10.3,True
Kapi Kottai,core,2025Q3,0,0.15,192.0,46.2,88.7,38.41,86.9,230.9,53.2,True
Kapi Kottai,core,2025Q3,1,0.15,192.0,46.2,88.7,41.1,93.0,215.8,49.7,True
Kapi Kottai,core,2025Q3,2,0.15,192.0,46.2,88.7,43.4,98.2,204.4,47.0,True
Kapi Kottai,core,2025Q3,3,0.15,192.0,46.2,88.7,23.35,52.9,379.8,87.4,True
Kapi Kottai,core,2025Q3,avg0-3,0.15,192.0,46.2,88.7,36.56,82.7,242.6,55.8,True
Kapi Kottai,core,2026Q3,0,0.15,192.0,52.2,100.19,45.16,102.2,221.9,51.1,True
Kapi Kottai,core,2026Q3,1,0.15,192.0,52.2,100.19,33.9,76.7,295.6,68.0,True
Kapi Kottai,core,2026Q3,2,0.15,192.0,52.2,100.19,36.42,82.4,275.1,63.3,True
Kapi Kottai,core,2026Q3,3,0.15,192.0,52.2,100.19,47.84,108.3,209.4,48.2,True
Kapi Kottai,core,2026Q3,avg0-3,0.15,192.0,52.2,100.19,40.83,92.4,245.4,56.5,True
Third Wave Coffee,core,2024Q2,0,0.15,172.0,8.4,14.48,7.59,17.2,190.7,49.0,False
Third Wave Coffee,core,2024Q2,1,0.15,172.0,8.4,14.48,0.35,0.8,4108.1,1055.4,False
Third Wave Coffee,core,2024Q2,2,0.15,172.0,8.4,14.48,-1.59,-3.6,-913.0,-234.6,False
Third Wave Coffee,core,2024Q2,3,0.15,172.0,8.4,14.48,-3.86,-8.7,-375.4,-96.4,False
Third Wave Coffee,core,2024Q2,avg0-3,0.15,172.0,8.4,14.48,0.63,1.4,2315.1,594.8,False
Third Wave Coffee,core,2024Q3,0,0.15,172.0,8.4,14.48,13.46,30.5,107.6,27.7,True
Third Wave Coffee,core,2024Q3,1,0.15,172.0,8.4,14.48,7.59,17.2,190.7,49.0,False
Third Wave Coffee,core,2024Q3,2,0.15,172.0,8.4,14.48,0.35,0.8,4108.1,1055.4,False
Third Wave Coffee,core,2024Q3,3,0.15,172.0,8.4,14.48,-1.59,-3.6,-913.0,-234.6,False
Third Wave Coffee,core,2024Q3,avg0-3,0.15,172.0,8.4,14.48,4.95,11.2,292.3,75.1,False
Third Wave Coffee,core,2024Q4,0,0.15,172.0,3.9,6.76,23.35,52.9,28.9,7.4,True
Third Wave Coffee,core,2024Q4,1,0.15,172.0,3.9,6.76,13.46,30.5,50.2,12.9,True
Third Wave Coffee,core,2024Q4,2,0.15,172.0,3.9,6.76,7.59,17.2,89.0,22.9,False
Third Wave Coffee,core,2024Q4,3,0.15,172.0,3.9,6.76,0.35,0.8,1916.4,492.4,False
Third Wave Coffee,core,2024Q4,avg0-3,0.15,172.0,3.9,6.76,11.19,25.3,60.4,15.5,True
Third Wave Coffee,core,2025Q1,0,0.15,172.0,3.9,6.76,43.4,98.2,15.6,4.0,True
Third Wave Coffee,core,2025Q1,1,0.15,172.0,3.9,6.76,23.35,52.9,28.9,7.4,True
Third Wave Coffee,core,2025Q1,2,0.15,172.0,3.9,6.76,13.46,30.5,50.2,12.9,True
Third Wave Coffee,core,2025Q1,3,0.15,172.0,3.9,6.76,7.59,17.2,89.0,22.9,False
Third Wave Coffee,core,2025Q1,avg0-3,0.15,172.0,3.9,6.76,21.95,49.7,30.8,7.9,True
Third Wave Coffee,core,2025Q2,0,0.15,172.0,3.9,6.76,41.1,93.0,16.4,4.2,True
Third Wave Coffee,core,2025Q2,1,0.15,172.0,3.9,6.76,43.4,98.2,15.6,4.0,True
Third Wave Coffee,core,2025Q2,2,0.15,172.0,3.9,6.76,23.35,52.9,28.9,7.4,True
Third Wave Coffee,core,2025Q2,3,0.15,172.0,3.9,6.76,13.46,30.5,50.2,12.9,True
Third Wave Coffee,core,2025Q2,avg0-3,0.15,172.0,3.9,6.76,30.33,68.6,22.3,5.7,True
Third Wave Coffee,core,2025Q3,0,0.15,172.0,3.9,6.76,38.41,86.9,17.6,4.5,True
Third Wave Coffee,core,2025Q3,1,0.15,172.0,3.9,6.76,41.1,93.0,16.4,4.2,True
Third Wave Coffee,core,2025Q3,2,0.15,172.0,3.9,6.76,43.4,98.2,15.6,4.0,True
Third Wave Coffee,core,2025Q3,3,0.15,172.0,3.9,6.76,23.35,52.9,28.9,7.4,True
Third Wave Coffee,core,2025Q3,avg0-3,0.15,172.0,3.9,6.76,36.56,82.7,18.5,4.7,True
Third Wave Coffee,core,2025Q4,0,0.15,172.0,3.9,6.76,47.84,108.3,14.1,3.6,True
Third Wave Coffee,core,2025Q4,1,0.15,172.0,3.9,6.76,38.41,86.9,17.6,4.5,True
Third Wave Coffee,core,2025Q4,2,0.15,172.0,3.9,6.76,41.1,93.0,16.4,4.2,True
Third Wave Coffee,core,2025Q4,3,0.15,172.0,3.9,6.76,43.4,98.2,15.6,4.0,True
Third Wave Coffee,core,2025Q4,avg0-3,0.15,172.0,3.9,6.76,42.69,96.6,15.8,4.1,True
Third Wave Coffee,core,2026Q2,0,0.15,172.0,39.3,67.52,33.9,76.7,199.2,51.2,True
Third Wave Coffee,core,2026Q2,1,0.15,172.0,39.3,67.52,36.42,82.4,185.4,47.6,True
Third Wave Coffee,core,2026Q2,2,0.15,172.0,39.3,67.52,47.84,108.3,141.1,36.3,True
Third Wave Coffee,core,2026Q2,3,0.15,172.0,39.3,67.52,38.41,86.9,175.8,45.2,True
Third Wave Coffee,core,2026Q2,avg0-3,0.15,172.0,39.3,67.52,39.14,88.6,172.5,44.3,True
Third Wave Coffee,core,2026Q3,0,0.15,172.0,39.3,67.52,45.16,102.2,149.5,38.4,True
Third Wave Coffee,core,2026Q3,1,0.15,172.0,39.3,67.52,33.9,76.7,199.2,51.2,True
Third Wave Coffee,core,2026Q3,2,0.15,172.0,39.3,67.52,36.42,82.4,185.4,47.6,True
Third Wave Coffee,core,2026Q3,3,0.15,172.0,39.3,67.52,47.84,108.3,141.1,36.3,True
Third Wave Coffee,core,2026Q3,avg0-3,0.15,172.0,39.3,67.52,40.83,92.4,165.4,42.5,True
Araku,core,2024Q2,0,0.18,256.0,0.0,0.0,7.87,17.2,0.0,0.0,False
Araku,core,2024Q2,1,0.18,256.0,0.0,0.0,0.37,0.8,0.0,0.0,False
Araku,core,2024Q2,2,0.18,256.0,0.0,0.0,-1.64,-3.6,-0.0,-0.0,False
Araku,core,2024Q2,3,0.18,256.0,0.0,0.0,-4.0,-8.7,-0.0,-0.0,False
Araku,core,2024Q2,avg0-3,0.18,256.0,0.0,0.0,0.65,1.4,0.0,0.0,False
Araku,core,2024Q3,0,0.18,256.0,0.0,0.0,13.95,30.5,0.0,0.0,True
Araku,core,2024Q3,1,0.18,256.0,0.0,0.0,7.87,17.2,0.0,0.0,False
Araku,core,2024Q3,2,0.18,256.0,0.0,0.0,0.37,0.8,0.0,0.0,False
Araku,core,2024Q3,3,0.18,256.0,0.0,0.0,-1.64,-3.6,-0.0,-0.0,False
Araku,core,2024Q3,avg0-3,0.18,256.0,0.0,0.0,5.14,11.2,0.0,0.0,False
Araku,core,2024Q4,0,0.18,256.0,0.0,0.0,24.21,52.9,0.0,0.0,True
Araku,core,2024Q4,1,0.18,256.0,0.0,0.0,13.95,30.5,0.0,0.0,True
Araku,core,2024Q4,2,0.18,256.0,0.0,0.0,7.87,17.2,0.0,0.0,False
Araku,core,2024Q4,3,0.18,256.0,0.0,0.0,0.37,0.8,0.0,0.0,False
Araku,core,2024Q4,avg0-3,0.18,256.0,0.0,0.0,11.6,25.3,0.0,0.0,True
Araku,core,2025Q1,0,0.18,256.0,0.0,0.0,44.98,98.2,0.0,0.0,True
Araku,core,2025Q1,1,0.18,256.0,0.0,0.0,24.21,52.9,0.0,0.0,True
Araku,core,2025Q1,2,0.18,256.0,0.0,0.0,13.95,30.5,0.0,0.0,True
Araku,core,2025Q1,3,0.18,256.0,0.0,0.0,7.87,17.2,0.0,0.0,False
Araku,core,2025Q1,avg0-3,0.18,256.0,0.0,0.0,22.75,49.7,0.0,0.0,True
Araku,core,2025Q2,0,0.18,256.0,-5.1,-12.94,42.6,93.0,-30.4,-5.4,True
Araku,core,2025Q2,1,0.18,256.0,-5.1,-12.94,44.98,98.2,-28.8,-5.1,True
Araku,core,2025Q2,2,0.18,256.0,-5.1,-12.94,24.21,52.9,-53.5,-9.6,True
Araku,core,2025Q2,3,0.18,256.0,-5.1,-12.94,13.95,30.5,-92.8,-16.6,True
Araku,core,2025Q2,avg0-3,0.18,256.0,-5.1,-12.94,31.44,68.6,-41.2,-7.4,True
Araku,core,2025Q3,0,0.18,256.0,0.0,0.0,39.81,86.9,0.0,0.0,True
Araku,core,2025Q3,1,0.18,256.0,0.0,0.0,42.6,93.0,0.0,0.0,True
Araku,core,2025Q3,2,0.18,256.0,0.0,0.0,44.98,98.2,0.0,0.0,True
Araku,core,2025Q3,3,0.18,256.0,0.0,0.0,24.21,52.9,0.0,0.0,True
Araku,core,2025Q3,avg0-3,0.18,256.0,0.0,0.0,37.9,82.7,0.0,0.0,True
Araku,core,2025Q4,0,0.18,256.0,0.0,0.0,49.59,108.3,0.0,0.0,True
Araku,core,2025Q4,1,0.18,256.0,0.0,0.0,39.81,86.9,0.0,0.0,True
Araku,core,2025Q4,2,0.18,256.0,0.0,0.0,42.6,93.0,0.0,0.0,True
Araku,core,2025Q4,3,0.18,256.0,0.0,0.0,44.98,98.2,0.0,0.0,True
Araku,core,2025Q4,avg0-3,0.18,256.0,0.0,0.0,44.25,96.6,0.0,0.0,True
Araku,core,2026Q3,0,0.18,256.0,21.1,54.0,46.81,102.2,115.3,20.6,True
Araku,core,2026Q3,1,0.18,256.0,21.1,54.0,35.14,76.7,153.7,27.5,True
Araku,core,2026Q3,2,0.18,256.0,21.1,54.0,37.76,82.4,143.0,25.6,True
Araku,core,2026Q3,3,0.18,256.0,21.1,54.0,49.59,108.3,108.9,19.5,True
Araku,core,2026Q3,avg0-3,0.18,256.0,21.1,54.0,42.32,92.4,127.6,22.8,True
Black Baza,secondary,2024Q2,0,0.18,164.0,5.0,8.12,7.87,17.2,103.1,28.8,False
Black Baza,secondary,2024Q2,1,0.18,164.0,5.0,8.12,0.37,0.8,2222.1,620.6,False
Black Baza,secondary,2024Q2,2,0.18,164.0,5.0,8.12,-1.64,-3.6,-493.8,-137.9,False
Black Baza,secondary,2024Q2,3,0.18,164.0,5.0,8.12,-4.0,-8.7,-203.0,-56.7,False
Black Baza,secondary,2024Q2,avg0-3,0.18,164.0,5.0,8.12,0.65,1.4,1252.1,349.7,False
Black Baza,secondary,2024Q3,0,0.18,164.0,5.0,8.12,13.95,30.5,58.2,16.3,True
Black Baza,secondary,2024Q3,1,0.18,164.0,5.0,8.12,7.87,17.2,103.1,28.8,False
Black Baza,secondary,2024Q3,2,0.18,164.0,5.0,8.12,0.37,0.8,2222.1,620.6,False
Black Baza,secondary,2024Q3,3,0.18,164.0,5.0,8.12,-1.64,-3.6,-493.8,-137.9,False
Black Baza,secondary,2024Q3,avg0-3,0.18,164.0,5.0,8.12,5.14,11.2,158.1,44.2,False
Black Baza,secondary,2024Q4,0,0.18,164.0,1.3,2.15,24.21,52.9,8.9,2.5,True
Black Baza,secondary,2024Q4,1,0.18,164.0,1.3,2.15,13.95,30.5,15.4,4.3,True
Black Baza,secondary,2024Q4,2,0.18,164.0,1.3,2.15,7.87,17.2,27.4,7.6,False
Black Baza,secondary,2024Q4,3,0.18,164.0,1.3,2.15,0.37,0.8,589.6,164.7,False
Black Baza,secondary,2024Q4,avg0-3,0.18,164.0,1.3,2.15,11.6,25.3,18.6,5.2,True
Black Baza,secondary,2025Q4,0,0.18,164.0,42.6,69.88,49.59,108.3,140.9,39.4,True
Black Baza,secondary,2025Q4,1,0.18,164.0,42.6,69.88,39.81,86.9,175.5,49.0,True
Black Baza,secondary,2025Q4,2,0.18,164.0,42.6,69.88,42.6,93.0,164.0,45.8,True
Black Baza,secondary,2025Q4,3,0.18,164.0,42.6,69.88,44.98,98.2,155.3,43.4,True
Black Baza,secondary,2025Q4,avg0-3,0.18,164.0,42.6,69.88,44.25,96.6,157.9,44.1,True
Black Baza,secondary,2026Q1,0,0.18,164.0,42.6,69.88,37.76,82.4,185.1,51.7,True
Black Baza,secondary,2026Q1,1,0.18,164.0,42.6,69.88,49.59,108.3,140.9,39.4,True
Black Baza,secondary,2026Q1,2,0.18,164.0,42.6,69.88,39.81,86.9,175.5,49.0,True
Black Baza,secondary,2026Q1,3,0.18,164.0,42.6,69.88,42.6,93.0,164.0,45.8,True
Black Baza,secondary,2026Q1,avg0-3,0.18,164.0,42.6,69.88,42.44,92.7,164.6,46.0,True
Black Baza,secondary,2026Q2,0,0.18,164.0,42.6,69.88,35.14,76.7,198.9,55.5,True
Black Baza,secondary,2026Q2,1,0.18,164.0,42.6,69.88,37.76,82.4,185.1,51.7,True
Black Baza,secondary,2026Q2,2,0.18,164.0,42.6,69.88,49.59,108.3,140.9,39.4,True
Black Baza,secondary,2026Q2,3,0.18,164.0,42.6,69.88,39.81,86.9,175.5,49.0,True
Black Baza,secondary,2026Q2,avg0-3,0.18,164.0,42.6,69.88,40.57,88.6,172.2,48.1,True
Black Baza,secondary,2026Q3,0,0.18,164.0,52.1,85.5,46.81,102.2,182.7,51.0,True
Black Baza,secondary,2026Q3,1,0.18,164.0,52.1,85.5,35.14,76.7,243.4,68.0,True
Black Baza,secondary,2026Q3,2,0.18,164.0,52.1,85.5,37.76,82.4,226.5,63.3,True
Black Baza,secondary,2026Q3,3,0.18,164.0,52.1,85.5,49.59,108.3,172.4,48.2,True
Black Baza,secondary,2026Q3,avg0-3,0.18,164.0,52.1,85.5,42.32,92.4,202.0,56.4,True
Bloom,secondary,2024Q2,0,0.18,180.0,3.4,6.09,7.87,17.2,77.3,19.7,False
Bloom,secondary,2024Q2,1,0.18,180.0,3.4,6.09,0.37,0.8,1665.5,423.8,False
Bloom,secondary,2024Q2,2,0.18,180.0,3.4,6.09,-1.64,-3.6,-370.1,-94.2,False
Bloom,secondary,2024Q2,3,0.18,180.0,3.4,6.09,-4.0,-8.7,-152.2,-38.7,False
Bloom,secondary,2024Q2,avg0-3,0.18,180.0,3.4,6.09,0.65,1.4,938.4,238.8,False
Bloom,secondary,2024Q3,0,0.18,180.0,3.4,6.09,13.95,30.5,43.6,11.1,True
Bloom,secondary,2024Q3,1,0.18,180.0,3.4,6.09,7.87,17.2,77.3,19.7,False
Bloom,secondary,2024Q3,2,0.18,180.0,3.4,6.09,0.37,0.8,1665.5,423.8,False
Bloom,secondary,2024Q3,3,0.18,180.0,3.4,6.09,-1.64,-3.6,-370.1,-94.2,False
Bloom,secondary,2024Q3,avg0-3,0.18,180.0,3.4,6.09,5.14,11.2,118.5,30.2,False
Bloom,secondary,2024Q4,0,0.18,180.0,5.0,9.06,24.21,52.9,37.4,9.5,True
Bloom,secondary,2024Q4,1,0.18,180.0,5.0,9.06,13.95,30.5,65.0,16.5,True
Bloom,secondary,2024Q4,2,0.18,180.0,5.0,9.06,7.87,17.2,115.1,29.3,False
Bloom,secondary,2024Q4,3,0.18,180.0,5.0,9.06,0.37,0.8,2480.3,631.2,False
Bloom,secondary,2024Q4,avg0-3,0.18,180.0,5.0,9.06,11.6,25.3,78.1,19.9,True
Bloom,secondary,2025Q1,0,0.18,180.0,11.4,20.48,44.98,98.2,45.5,11.6,True
Bloom,secondary,2025Q1,1,0.18,180.0,11.4,20.48,24.21,52.9,84.6,21.5,True
Bloom,secondary,2025Q1,2,0.18,180.0,11.4,20.48,13.95,30.5,146.8,37.4,True
Bloom,secondary,2025Q1,3,0.18,180.0,11.4,20.48,7.87,17.2,260.1,66.2,False
Bloom,secondary,2025Q1,avg0-3,0.18,180.0,11.4,20.48,22.75,49.7,90.0,22.9,True
Bloom,secondary,2025Q3,0,0.18,180.0,26.8,48.32,39.81,86.9,121.4,30.9,True
Bloom,secondary,2025Q3,1,0.18,180.0,26.8,48.32,42.6,93.0,113.4,28.9,True
Bloom,secondary,2025Q3,2,0.18,180.0,26.8,48.32,44.98,98.2,107.4,27.3,True
Bloom,secondary,2025Q3,3,0.18,180.0,26.8,48.32,24.21,52.9,199.6,50.8,True
Bloom,secondary,2025Q3,avg0-3,0.18,180.0,26.8,48.32,37.9,82.7,127.5,32.4,True
Bloom,secondary,2026Q3,0,0.18,180.0,27.2,48.94,46.81,102.2,104.6,26.6,True
Bloom,secondary,2026Q3,1,0.18,180.0,27.2,48.94,35.14,76.7,139.3,35.4,True
Bloom,secondary,2026Q3,2,0.18,180.0,27.2,48.94,37.76,82.4,129.6,33.0,True
Bloom,secondary,2026Q3,3,0.18,180.0,27.2,48.94,49.59,108.3,98.7,25.1,True
Bloom,secondary,2026Q3,avg0-3,0.18,180.0,27.2,48.94,42.32,92.4,115.6,29.4,True
Blue Tokai,core,2024Q3,0,0.18,188.0,3.4,6.36,13.95,30.5,45.6,11.1,True
Blue Tokai,core,2024Q3,1,0.18,188.0,3.4,6.36,7.87,17.2,80.8,19.7,False
Blue Tokai,core,2024Q3,2,0.18,188.0,3.4,6.36,0.37,0.8,1740.7,424.1,False
Blue Tokai,core,2024Q3,3,0.18,188.0,3.4,6.36,-1.64,-3.6,-386.8,-94.2,False
Blue Tokai,core,2024Q3,avg0-3,0.18,188.0,3.4,6.36,5.14,11.2,123.9,30.2,False
Blue Tokai,core,2024Q4,0,0.18,188.0,7.2,13.62,24.21,52.9,56.3,13.7,True
Blue Tokai,core,2024Q4,1,0.18,188.0,7.2,13.62,13.95,30.5,97.7,23.8,True
Blue Tokai,core,2024Q4,2,0.18,188.0,7.2,13.62,7.87,17.2,173.1,42.2,False
Blue Tokai,core,2024Q4,3,0.18,188.0,7.2,13.62,0.37,0.8,3728.8,908.5,False
Blue Tokai,core,2024Q4,avg0-3,0.18,188.0,7.2,13.62,11.6,25.3,117.5,28.6,True
Blue Tokai,core,2025Q1,0,0.18,188.0,7.2,13.62,44.98,98.2,30.3,7.4,True
Blue Tokai,core,2025Q1,1,0.18,188.0,7.2,13.62,24.21,52.9,56.3,13.7,True
Blue Tokai,core,2025Q1,2,0.18,188.0,7.2,13.62,13.95,30.5,97.7,23.8,True
Blue Tokai,core,2025Q1,3,0.18,188.0,7.2,13.62,7.87,17.2,173.1,42.2,False
Blue Tokai,core,2025Q1,avg0-3,0.18,188.0,7.2,13.62,22.75,49.7,59.9,14.6,True
Blue Tokai,core,2025Q2,0,0.18,188.0,7.2,13.62,42.6,93.0,32.0,7.8,True
Blue Tokai,core,2025Q2,1,0.18,188.0,7.2,13.62,44.98,98.2,30.3,7.4,True
Blue Tokai,core,2025Q2,2,0.18,188.0,7.2,13.62,24.21,52.9,56.3,13.7,True
Blue Tokai,core,2025Q2,3,0.18,188.0,7.2,13.62,13.95,30.5,97.7,23.8,True
Blue Tokai,core,2025Q2,avg0-3,0.18,188.0,7.2,13.62,31.44,68.6,43.3,10.6,True
Blue Tokai,core,2025Q3,0,0.18,188.0,34.3,64.57,39.81,86.9,162.2,39.5,True
Blue Tokai,core,2025Q3,1,0.18,188.0,34.3,64.57,42.6,93.0,151.6,36.9,True
Blue Tokai,core,2025Q3,2,0.18,188.0,34.3,64.57,44.98,98.2,143.5,35.0,True
Blue Tokai,core,2025Q3,3,0.18,188.0,34.3,64.57,24.21,52.9,266.7,65.0,True
Blue Tokai,core,2025Q3,avg0-3,0.18,188.0,34.3,64.57,37.9,82.7,170.4,41.5,True
Blue Tokai,core,2025Q4,0,0.18,188.0,34.3,64.57,49.59,108.3,130.2,31.7,True
Blue Tokai,core,2025Q4,1,0.18,188.0,34.3,64.57,39.81,86.9,162.2,39.5,True
Blue Tokai,core,2025Q4,2,0.18,188.0,34.3,64.57,42.6,93.0,151.6,36.9,True
Blue Tokai,core,2025Q4,3,0.18,188.0,34.3,64.57,44.98,98.2,143.5,35.0,True
Blue Tokai,core,2025Q4,avg0-3,0.18,188.0,34.3,64.57,44.25,96.6,145.9,35.6,True
Blue Tokai,core,2026Q1,0,0.18,188.0,34.3,64.57,37.76,82.4,171.0,41.7,True
Blue Tokai,core,2026Q1,1,0.18,188.0,34.3,64.57,49.59,108.3,130.2,31.7,True
Blue Tokai,core,2026Q1,2,0.18,188.0,34.3,64.57,39.81,86.9,162.2,39.5,True
Blue Tokai,core,2026Q1,3,0.18,188.0,34.3,64.57,42.6,93.0,151.6,36.9,True
Blue Tokai,core,2026Q1,avg0-3,0.18,188.0,34.3,64.57,42.44,92.7,152.2,37.1,True
Blue Tokai,core,2026Q2,0,0.18,188.0,34.3,64.57,35.14,76.7,183.8,44.8,True
Blue Tokai,core,2026Q2,1,0.18,188.0,34.3,64.57,37.76,82.4,171.0,41.7,True
Blue Tokai,core,2026Q2,2,0.18,188.0,34.3,64.57,49.59,108.3,130.2,31.7,True
Blue Tokai,core,2026Q2,3,0.18,188.0,34.3,64.57,39.81,86.9,162.2,39.5,True
Blue Tokai,core,2026Q2,avg0-3,0.18,188.0,34.3,64.57,40.57,88.6,159.2,38.8,True
Blue Tokai,core,2026Q3,0,0.18,188.0,37.2,70.0,46.81,102.2,149.5,36.4,True
Blue Tokai,core,2026Q3,1,0.18,188.0,37.2,70.0,35.14,76.7,199.2,48.5,True
Blue Tokai,core,2026Q3,2,0.18,188.0,37.2,70.0,37.76,82.4,185.4,45.2,True
Blue Tokai,core,2026Q3,3,0.18,188.0,37.2,70.0,49.59,108.3,141.1,34.4,True
Blue Tokai,core,2026Q3,avg0-3,0.18,188.0,37.2,70.0,42.32,92.4,165.4,40.3,True
Corridor Seven,core,2024Q2,0,0.18,196.0,0.0,0.0,7.87,17.2,0.0,0.0,False
Corridor Seven,core,2024Q2,1,0.18,196.0,0.0,0.0,0.37,0.8,0.0,0.0,False
Corridor Seven,core,2024Q2,2,0.18,196.0,0.0,0.0,-1.64,-3.6,-0.0,-0.0,False
Corridor Seven,core,2024Q2,3,0.18,196.0,0.0,0.0,-4.0,-8.7,-0.0,-0.0,False
Corridor Seven,core,2024Q2,avg0-3,0.18,196.0,0.0,0.0,0.65,1.4,0.0,0.0,False
Corridor Seven,core,2024Q3,0,0.18,196.0,4.2,8.19,13.95,30.5,58.7,13.7,True
Corridor Seven,core,2024Q3,1,0.18,196.0,4.2,8.19,7.87,17.2,104.0,24.3,False
Corridor Seven,core,2024Q3,2,0.18,196.0,4.2,8.19,0.37,0.8,2240.9,523.7,False
Corridor Seven,core,2024Q3,3,0.18,196.0,4.2,8.19,-1.64,-3.6,-498.0,-116.4,False
Corridor Seven,core,2024Q3,avg0-3,0.18,196.0,4.2,8.19,5.14,11.2,159.5,37.3,False
Corridor Seven,core,2025Q1,0,0.18,196.0,17.1,33.54,44.98,98.2,74.6,17.4,True
Corridor Seven,core,2025Q1,1,0.18,196.0,17.1,33.54,24.21,52.9,138.5,32.4,True
Corridor Seven,core,2025Q1,2,0.18,196.0,17.1,33.54,13.95,30.5,240.5,56.2,True
Corridor Seven,core,2025Q1,3,0.18,196.0,17.1,33.54,7.87,17.2,426.1,99.6,False
Corridor Seven,core,2025Q1,avg0-3,0.18,196.0,17.1,33.54,22.75,49.7,147.4,34.5,True
Corridor Seven,core,2025Q2,0,0.18,196.0,17.1,33.54,42.6,93.0,78.7,18.4,True
Corridor Seven,core,2025Q2,1,0.18,196.0,17.1,33.54,44.98,98.2,74.6,17.4,True
Corridor Seven,core,2025Q2,2,0.18,196.0,17.1,33.54,24.21,52.9,138.5,32.4,True
Corridor Seven,core,2025Q2,3,0.18,196.0,17.1,33.54,13.95,30.5,240.5,56.2,True
Corridor Seven,core,2025Q2,avg0-3,0.18,196.0,17.1,33.54,31.44,68.6,106.7,24.9,True
Corridor Seven,core,2025Q3,0,0.18,196.0,17.1,33.54,39.81,86.9,84.3,19.7,True
Corridor Seven,core,2025Q3,1,0.18,196.0,17.1,33.54,42.6,93.0,78.7,18.4,True
Corridor Seven,core,2025Q3,2,0.18,196.0,17.1,33.54,44.98,98.2,74.6,17.4,True
Corridor Seven,core,2025Q3,3,0.18,196.0,17.1,33.54,24.21,52.9,138.5,32.4,True
Corridor Seven,core,2025Q3,avg0-3,0.18,196.0,17.1,33.54,37.9,82.7,88.5,20.7,True
Corridor Seven,core,2026Q3,0,0.18,196.0,40.7,79.72,46.81,102.2,170.3,39.8,True
Corridor Seven,core,2026Q3,1,0.18,196.0,40.7,79.72,35.14,76.7,226.9,53.0,True
Corridor Seven,core,2026Q3,2,0.18,196.0,40.7,79.72,37.76,82.4,211.1,49.3,True
Corridor Seven,core,2026Q3,3,0.18,196.0,40.7,79.72,49.59,108.3,160.7,37.6,True
Corridor Seven,core,2026Q3,avg0-3,0.18,196.0,40.7,79.72,42.32,92.4,188.4,44.0,True
Devans,core,2024Q2,0,0.18,126.0,24.8,31.25,7.87,17.2,396.9,144.3,False
Devans,core,2024Q2,1,0.18,126.0,24.8,31.25,0.37,0.8,8551.4,3108.8,False
Devans,core,2024Q2,2,0.18,126.0,24.8,31.25,-1.64,-3.6,-1900.3,-690.8,False
Devans,core,2024Q2,3,0.18,126.0,24.8,31.25,-4.0,-8.7,-781.3,-284.0,False
Devans,core,2024Q2,avg0-3,0.18,126.0,24.8,31.25,0.65,1.4,4818.5,1751.7,False
Devans,core,2024Q3,0,0.18,126.0,24.8,31.25,13.95,30.5,224.0,81.4,True
Devans,core,2024Q3,1,0.18,126.0,24.8,31.25,7.87,17.2,396.9,144.3,False
Devans,core,2024Q3,2,0.18,126.0,24.8,31.25,0.37,0.8,8551.4,3108.8,False
Devans,core,2024Q3,3,0.18,126.0,24.8,31.25,-1.64,-3.6,-1900.3,-690.8,False
Devans,core,2024Q3,avg0-3,0.18,126.0,24.8,31.25,5.14,11.2,608.5,221.2,False
Devans,core,2024Q4,0,0.18,126.0,24.8,31.25,24.21,52.9,129.1,46.9,True
Devans,core,2024Q4,1,0.18,126.0,24.8,31.25,13.95,30.5,224.0,81.4,True
Devans,core,2024Q4,2,0.18,126.0,24.8,31.25,7.87,17.2,396.9,144.3,False
Devans,core,2024Q4,3,0.18,126.0,24.8,31.25,0.37,0.8,8551.4,3108.8,False
Devans,core,2024Q4,avg0-3,0.18,126.0,24.8,31.25,11.6,25.3,269.4,97.9,True
Devans,core,2025Q1,0,0.18,126.0,38.9,49.04,44.98,98.2,109.0,39.6,True
Devans,core,2025Q1,1,0.18,126.0,38.9,49.04,24.21,52.9,202.6,73.6,True
Devans,core,2025Q1,2,0.18,126.0,38.9,49.04,13.95,30.5,351.6,127.8,True
Devans,core,2025Q1,3,0.18,126.0,38.9,49.04,7.87,17.2,623.0,226.5,False
Devans,core,2025Q1,avg0-3,0.18,126.0,38.9,49.04,22.75,49.7,215.5,78.4,True
Devans,core,2025Q2,0,0.18,126.0,50.3,63.33,42.6,93.0,148.7,54.0,True
Devans,core,2025Q2,1,0.18,126.0,50.3,63.33,44.98,98.2,140.8,51.2,True
Devans,core,2025Q2,2,0.18,126.0,50.3,63.33,24.21,52.9,261.6,95.1,True
Devans,core,2025Q2,3,0.18,126.0,50.3,63.33,13.95,30.5,454.1,165.1,True
Devans,core,2025Q2,avg0-3,0.18,126.0,50.3,63.33,31.44,68.6,201.5,73.2,True
Devans,core,2025Q3,0,0.18,126.0,52.6,66.31,39.81,86.9,166.6,60.6,True
Devans,core,2025Q3,1,0.18,126.0,52.6,66.31,42.6,93.0,155.7,56.6,True
Devans,core,2025Q3,2,0.18,126.0,52.6,66.31,44.98,98.2,147.4,53.6,True
Devans,core,2025Q3,3,0.18,126.0,52.6,66.31,24.21,52.9,273.9,99.6,True
Devans,core,2025Q3,avg0-3,0.18,126.0,52.6,66.31,37.9,82.7,175.0,63.6,True
Devans,core,2025Q4,0,0.18,126.0,67.6,85.17,49.59,108.3,171.7,62.4,True
Devans,core,2025Q4,1,0.18,126.0,67.6,85.17,39.81,86.9,213.9,77.8,True
Devans,core,2025Q4,2,0.18,126.0,67.6,85.17,42.6,93.0,199.9,72.7,True
Devans,core,2025Q4,3,0.18,126.0,67.6,85.17,44.98,98.2,189.3,68.8,True
Devans,core,2025Q4,avg0-3,0.18,126.0,67.6,85.17,44.25,96.6,192.5,70.0,True
Devans,core,2026Q3,0,0.18,126.0,68.6,86.43,46.81,102.2,184.6,67.1,True
Devans,core,2026Q3,1,0.18,126.0,68.6,86.43,35.14,76.7,246.0,89.4,True
Devans,core,2026Q3,2,0.18,126.0,68.6,86.43,37.76,82.4,228.9,83.2,True
Devans,core,2026Q3,3,0.18,126.0,68.6,86.43,49.59,108.3,174.3,63.4,True
Devans,core,2026Q3,avg0-3,0.18,126.0,68.6,86.43,42.32,92.4,204.2,74.2,True
Dope Coffee,secondary,2024Q2,0,0.18,200.0,2.3,4.57,7.87,17.2,58.1,13.3,False
Dope Coffee,secondary,2024Q2,1,0.18,200.0,2.3,4.57,0.37,0.8,1251.2,286.6,False
Dope Coffee,secondary,2024Q2,2,0.18,200.0,2.3,4.57,-1.64,-3.6,-278.0,-63.7,False
Dope Coffee,secondary,2024Q2,3,0.18,200.0,2.3,4.57,-4.0,-8.7,-114.3,-26.2,False
Dope Coffee,secondary,2024Q2,avg0-3,0.18,200.0,2.3,4.57,0.65,1.4,705.0,161.5,False
Dope Coffee,secondary,2024Q3,0,0.18,200.0,9.2,18.46,13.95,30.5,132.3,30.3,True
Dope Coffee,secondary,2024Q3,1,0.18,200.0,9.2,18.46,7.87,17.2,234.4,53.7,False
Dope Coffee,secondary,2024Q3,2,0.18,200.0,9.2,18.46,0.37,0.8,5050.9,1156.8,False
Dope Coffee,secondary,2024Q3,3,0.18,200.0,9.2,18.46,-1.64,-3.6,-1122.4,-257.1,False
Dope Coffee,secondary,2024Q3,avg0-3,0.18,200.0,9.2,18.46,5.14,11.2,359.4,82.3,False
Dope Coffee,secondary,2025Q1,0,0.18,200.0,10.1,20.16,44.98,98.2,44.8,10.3,True
Dope Coffee,secondary,2025Q1,1,0.18,200.0,10.1,20.16,24.21,52.9,83.3,19.1,True
Dope Coffee,secondary,2025Q1,2,0.18,200.0,10.1,20.16,13.95,30.5,144.5,33.1,True
Dope Coffee,secondary,2025Q1,3,0.18,200.0,10.1,20.16,7.87,17.2,256.1,58.6,False
Dope Coffee,secondary,2025Q1,avg0-3,0.18,200.0,10.1,20.16,22.75,49.7,88.6,20.3,True
Dope Coffee,secondary,2025Q2,0,0.18,200.0,26.9,53.76,42.6,93.0,126.2,28.9,True
Dope Coffee,secondary,2025Q2,1,0.18,200.0,26.9,53.76,44.98,98.2,119.5,27.4,True
Dope Coffee,secondary,2025Q2,2,0.18,200.0,26.9,53.76,24.21,52.9,222.1,50.9,True
Dope Coffee,secondary,2025Q2,3,0.18,200.0,26.9,53.76,13.95,30.5,385.4,88.3,True
Dope Coffee,secondary,2025Q2,avg0-3,0.18,200.0,26.9,53.76,31.44,68.6,171.0,39.2,True
Dope Coffee,secondary,2025Q3,0,0.18,200.0,26.9,53.76,39.81,86.9,135.0,30.9,True
Dope Coffee,secondary,2025Q3,1,0.18,200.0,26.9,53.76,42.6,93.0,126.2,28.9,True
Dope Coffee,secondary,2025Q3,2,0.18,200.0,26.9,53.76,44.98,98.2,119.5,27.4,True
Dope Coffee,secondary,2025Q3,3,0.18,200.0,26.9,53.76,24.21,52.9,222.1,50.9,True
Dope Coffee,secondary,2025Q3,avg0-3,0.18,200.0,26.9,53.76,37.9,82.7,141.8,32.5,True
Dope Coffee,secondary,2025Q4,0,0.18,200.0,26.9,53.76,49.59,108.3,108.4,24.8,True
Dope Coffee,secondary,2025Q4,1,0.18,200.0,26.9,53.76,39.81,86.9,135.0,30.9,True
Dope Coffee,secondary,2025Q4,2,0.18,200.0,26.9,53.76,42.6,93.0,126.2,28.9,True
Dope Coffee,secondary,2025Q4,3,0.18,200.0,26.9,53.76,44.98,98.2,119.5,27.4,True
Dope Coffee,secondary,2025Q4,avg0-3,0.18,200.0,26.9,53.76,44.25,96.6,121.5,27.8,True
Dope Coffee,secondary,2026Q3,0,0.18,200.0,26.9,53.76,46.81,102.2,114.8,26.3,True
Dope Coffee,secondary,2026Q3,1,0.18,200.0,26.9,53.76,35.14,76.7,153.0,35.0,True
Dope Coffee,secondary,2026Q3,2,0.18,200.0,26.9,53.76,37.76,82.4,142.4,32.6,True
Dope Coffee,secondary,2026Q3,3,0.18,200.0,26.9,53.76,49.59,108.3,108.4,24.8,True
Dope Coffee,secondary,2026Q3,avg0-3,0.18,200.0,26.9,53.76,42.32,92.4,127.0,29.1,True
Grey Soul,core,2024Q2,0,0.18,259.6,0.0,0.0,7.87,17.2,0.0,0.0,False
Grey Soul,core,2024Q2,1,0.18,259.6,0.0,0.0,0.37,0.8,0.0,0.0,False
Grey Soul,core,2024Q2,2,0.18,259.6,0.0,0.0,-1.64,-3.6,-0.0,-0.0,False
Grey Soul,core,2024Q2,3,0.18,259.6,0.0,0.0,-4.0,-8.7,-0.0,-0.0,False
Grey Soul,core,2024Q2,avg0-3,0.18,259.6,0.0,0.0,0.65,1.4,0.0,0.0,False
Grey Soul,core,2024Q3,0,0.18,259.6,0.0,0.0,13.95,30.5,0.0,0.0,True
Grey Soul,core,2024Q3,1,0.18,259.6,0.0,0.0,7.87,17.2,0.0,0.0,False
Grey Soul,core,2024Q3,2,0.18,259.6,0.0,0.0,0.37,0.8,0.0,0.0,False
Grey Soul,core,2024Q3,3,0.18,259.6,0.0,0.0,-1.64,-3.6,-0.0,-0.0,False
Grey Soul,core,2024Q3,avg0-3,0.18,259.6,0.0,0.0,5.14,11.2,0.0,0.0,False
Grey Soul,core,2024Q4,0,0.18,259.6,0.0,0.0,24.21,52.9,0.0,0.0,True
Grey Soul,core,2024Q4,1,0.18,259.6,0.0,0.0,13.95,30.5,0.0,0.0,True
Grey Soul,core,2024Q4,2,0.18,259.6,0.0,0.0,7.87,17.2,0.0,0.0,False
Grey Soul,core,2024Q4,3,0.18,259.6,0.0,0.0,0.37,0.8,0.0,0.0,False
Grey Soul,core,2024Q4,avg0-3,0.18,259.6,0.0,0.0,11.6,25.3,0.0,0.0,True
Grey Soul,core,2025Q1,0,0.18,259.6,6.4,16.54,44.98,98.2,36.8,6.5,True
Grey Soul,core,2025Q1,1,0.18,259.6,6.4,16.54,24.21,52.9,68.3,12.1,True
Grey Soul,core,2025Q1,2,0.18,259.6,6.4,16.54,13.95,30.5,118.6,20.9,True
Grey Soul,core,2025Q1,3,0.18,259.6,6.4,16.54,7.87,17.2,210.2,37.1,False
Grey Soul,core,2025Q1,avg0-3,0.18,259.6,6.4,16.54,22.75,49.7,72.7,12.8,True
Grey Soul,core,2025Q2,0,0.18,259.6,8.5,22.12,42.6,93.0,51.9,9.2,True
Grey Soul,core,2025Q2,1,0.18,259.6,8.5,22.12,44.98,98.2,49.2,8.7,True
Grey Soul,core,2025Q2,2,0.18,259.6,8.5,22.12,24.21,52.9,91.4,16.1,True
Grey Soul,core,2025Q2,3,0.18,259.6,8.5,22.12,13.95,30.5,158.6,28.0,True
Grey Soul,core,2025Q2,avg0-3,0.18,259.6,8.5,22.12,31.44,68.6,70.4,12.4,True
Grey Soul,core,2025Q3,0,0.18,259.6,8.6,22.43,39.81,86.9,56.4,9.9,True
Grey Soul,core,2025Q3,1,0.18,259.6,8.6,22.43,42.6,93.0,52.7,9.3,True
Grey Soul,core,2025Q3,2,0.18,259.6,8.6,22.43,44.98,98.2,49.9,8.8,True
Grey Soul,core,2025Q3,3,0.18,259.6,8.6,22.43,24.21,52.9,92.7,16.4,True
Grey Soul,core,2025Q3,avg0-3,0.18,259.6,8.6,22.43,37.9,82.7,59.2,10.4,True
Grey Soul,core,2025Q4,0,0.18,259.6,8.6,22.43,49.59,108.3,45.2,8.0,True
Grey Soul,core,2025Q4,1,0.18,259.6,8.6,22.43,39.81,86.9,56.4,9.9,True
Grey Soul,core,2025Q4,2,0.18,259.6,8.6,22.43,42.6,93.0,52.7,9.3,True
Grey Soul,core,2025Q4,3,0.18,259.6,8.6,22.43,44.98,98.2,49.9,8.8,True
Grey Soul,core,2025Q4,avg0-3,0.18,259.6,8.6,22.43,44.25,96.6,50.7,8.9,True
Kapi Kottai,core,2024Q3,0,0.18,192.0,4.3,8.34,13.95,30.5,59.8,14.3,True
Kapi Kottai,core,2024Q3,1,0.18,192.0,4.3,8.34,7.87,17.2,106.0,25.3,False
Kapi Kottai,core,2024Q3,2,0.18,192.0,4.3,8.34,0.37,0.8,2283.1,544.7,False
Kapi Kottai,core,2024Q3,3,0.18,192.0,4.3,8.34,-1.64,-3.6,-507.4,-121.0,False
Kapi Kottai,core,2024Q3,avg0-3,0.18,192.0,4.3,8.34,5.14,11.2,162.5,38.8,False
Kapi Kottai,core,2024Q4,0,0.18,192.0,7.0,13.52,24.21,52.9,55.8,13.3,True
Kapi Kottai,core,2024Q4,1,0.18,192.0,7.0,13.52,13.95,30.5,96.9,23.1,True
Kapi Kottai,core,2024Q4,2,0.18,192.0,7.0,13.52,7.87,17.2,171.7,41.0,False
Kapi Kottai,core,2024Q4,3,0.18,192.0,7.0,13.52,0.37,0.8,3699.8,882.7,False
Kapi Kottai,core,2024Q4,avg0-3,0.18,192.0,7.0,13.52,11.6,25.3,116.6,27.8,True
Kapi Kottai,core,2025Q1,0,0.18,192.0,7.0,13.52,44.98,98.2,30.1,7.2,True
Kapi Kottai,core,2025Q1,1,0.18,192.0,7.0,13.52,24.21,52.9,55.8,13.3,True
Kapi Kottai,core,2025Q1,2,0.18,192.0,7.0,13.52,13.95,30.5,96.9,23.1,True
Kapi Kottai,core,2025Q1,3,0.18,192.0,7.0,13.52,7.87,17.2,171.7,41.0,False
Kapi Kottai,core,2025Q1,avg0-3,0.18,192.0,7.0,13.52,22.75,49.7,59.4,14.2,True
Kapi Kottai,core,2025Q2,0,0.18,192.0,7.0,13.52,42.6,93.0,31.7,7.6,True
Kapi Kottai,core,2025Q2,1,0.18,192.0,7.0,13.52,44.98,98.2,30.1,7.2,True
Kapi Kottai,core,2025Q2,2,0.18,192.0,7.0,13.52,24.21,52.9,55.8,13.3,True
Kapi Kottai,core,2025Q2,3,0.18,192.0,7.0,13.52,13.95,30.5,96.9,23.1,True
Kapi Kottai,core,2025Q2,avg0-3,0.18,192.0,7.0,13.52,31.44,68.6,43.0,10.3,True
Kapi Kottai,core,2025Q3,0,0.18,192.0,46.2,88.7,39.81,86.9,222.8,53.2,True
Kapi Kottai,core,2025Q3,1,0.18,192.0,46.2,88.7,42.6,93.0,208.2,49.7,True
Kapi Kottai,core,2025Q3,2,0.18,192.0,46.2,88.7,44.98,98.2,197.2,47.0,True
Kapi Kottai,core,2025Q3,3,0.18,192.0,46.2,88.7,24.21,52.9,366.4,87.4,True
Kapi Kottai,core,2025Q3,avg0-3,0.18,192.0,46.2,88.7,37.9,82.7,234.0,55.8,True
Kapi Kottai,core,2026Q3,0,0.18,192.0,52.2,100.19,46.81,102.2,214.0,51.1,True
Kapi Kottai,core,2026Q3,1,0.18,192.0,52.2,100.19,35.14,76.7,285.2,68.0,True
Kapi Kottai,core,2026Q3,2,0.18,192.0,52.2,100.19,37.76,82.4,265.4,63.3,True
Kapi Kottai,core,2026Q3,3,0.18,192.0,52.2,100.19,49.59,108.3,202.0,48.2,True
Kapi Kottai,core,2026Q3,avg0-3,0.18,192.0,52.2,100.19,42.32,92.4,236.7,56.5,True
Third Wave Coffee,core,2024Q2,0,0.18,172.0,8.4,14.48,7.87,17.2,184.0,49.0,False
Third Wave Coffee,core,2024Q2,1,0.18,172.0,8.4,14.48,0.37,0.8,3963.6,1055.5,False
Third Wave Coffee,core,2024Q2,2,0.18,172.0,8.4,14.48,-1.64,-3.6,-880.8,-234.6,False
Third Wave Coffee,core,2024Q2,3,0.18,172.0,8.4,14.48,-4.0,-8.7,-362.1,-96.4,False
Third Wave Coffee,core,2024Q2,avg0-3,0.18,172.0,8.4,14.48,0.65,1.4,2233.4,594.8,False
Third Wave Coffee,core,2024Q3,0,0.18,172.0,8.4,14.48,13.95,30.5,103.8,27.7,True
Third Wave Coffee,core,2024Q3,1,0.18,172.0,8.4,14.48,7.87,17.2,184.0,49.0,False
Third Wave Coffee,core,2024Q3,2,0.18,172.0,8.4,14.48,0.37,0.8,3963.6,1055.5,False
Third Wave Coffee,core,2024Q3,3,0.18,172.0,8.4,14.48,-1.64,-3.6,-880.8,-234.6,False
Third Wave Coffee,core,2024Q3,avg0-3,0.18,172.0,8.4,14.48,5.14,11.2,282.0,75.1,False
Third Wave Coffee,core,2024Q4,0,0.18,172.0,3.9,6.76,24.21,52.9,27.9,7.4,True
Third Wave Coffee,core,2024Q4,1,0.18,172.0,3.9,6.76,13.95,30.5,48.4,12.9,True
Third Wave Coffee,core,2024Q4,2,0.18,172.0,3.9,6.76,7.87,17.2,85.8,22.9,False
Third Wave Coffee,core,2024Q4,3,0.18,172.0,3.9,6.76,0.37,0.8,1849.0,492.4,False
Third Wave Coffee,core,2024Q4,avg0-3,0.18,172.0,3.9,6.76,11.6,25.3,58.3,15.5,True
Third Wave Coffee,core,2025Q1,0,0.18,172.0,3.9,6.76,44.98,98.2,15.0,4.0,True
Third Wave Coffee,core,2025Q1,1,0.18,172.0,3.9,6.76,24.21,52.9,27.9,7.4,True
Third Wave Coffee,core,2025Q1,2,0.18,172.0,3.9,6.76,13.95,30.5,48.4,12.9,True
Third Wave Coffee,core,2025Q1,3,0.18,172.0,3.9,6.76,7.87,17.2,85.8,22.9,False
Third Wave Coffee,core,2025Q1,avg0-3,0.18,172.0,3.9,6.76,22.75,49.7,29.7,7.9,True
Third Wave Coffee,core,2025Q2,0,0.18,172.0,3.9,6.76,42.6,93.0,15.9,4.2,True
Third Wave Coffee,core,2025Q2,1,0.18,172.0,3.9,6.76,44.98,98.2,15.0,4.0,True
Third Wave Coffee,core,2025Q2,2,0.18,172.0,3.9,6.76,24.21,52.9,27.9,7.4,True
Third Wave Coffee,core,2025Q2,3,0.18,172.0,3.9,6.76,13.95,30.5,48.4,12.9,True
Third Wave Coffee,core,2025Q2,avg0-3,0.18,172.0,3.9,6.76,31.44,68.6,21.5,5.7,True
Third Wave Coffee,core,2025Q3,0,0.18,172.0,3.9,6.76,39.81,86.9,17.0,4.5,True
Third Wave Coffee,core,2025Q3,1,0.18,172.0,3.9,6.76,42.6,93.0,15.9,4.2,True
Third Wave Coffee,core,2025Q3,2,0.18,172.0,3.9,6.76,44.98,98.2,15.0,4.0,True
Third Wave Coffee,core,2025Q3,3,0.18,172.0,3.9,6.76,24.21,52.9,27.9,7.4,True
Third Wave Coffee,core,2025Q3,avg0-3,0.18,172.0,3.9,6.76,37.9,82.7,17.8,4.7,True
Third Wave Coffee,core,2025Q4,0,0.18,172.0,3.9,6.76,49.59,108.3,13.6,3.6,True
Third Wave Coffee,core,2025Q4,1,0.18,172.0,3.9,6.76,39.81,86.9,17.0,4.5,True
Third Wave Coffee,core,2025Q4,2,0.18,172.0,3.9,6.76,42.6,93.0,15.9,4.2,True
Third Wave Coffee,core,2025Q4,3,0.18,172.0,3.9,6.76,44.98,98.2,15.0,4.0,True
Third Wave Coffee,core,2025Q4,avg0-3,0.18,172.0,3.9,6.76,44.25,96.6,15.3,4.1,True
Third Wave Coffee,core,2026Q2,0,0.18,172.0,39.3,67.52,35.14,76.7,192.2,51.2,True
Third Wave Coffee,core,2026Q2,1,0.18,172.0,39.3,67.52,37.76,82.4,178.8,47.6,True
Third Wave Coffee,core,2026Q2,2,0.18,172.0,39.3,67.52,49.59,108.3,136.2,36.3,True
Third Wave Coffee,core,2026Q2,3,0.18,172.0,39.3,67.52,39.81,86.9,169.6,45.2,True
Third Wave Coffee,core,2026Q2,avg0-3,0.18,172.0,39.3,67.52,40.57,88.6,166.4,44.3,True
Third Wave Coffee,core,2026Q3,0,0.18,172.0,39.3,67.52,46.81,102.2,144.2,38.4,True
Third Wave Coffee,core,2026Q3,1,0.18,172.0,39.3,67.52,35.14,76.7,192.2,51.2,True
Third Wave Coffee,core,2026Q3,2,0.18,172.0,39.3,67.52,37.76,82.4,178.8,47.6,True
Third Wave Coffee,core,2026Q3,3,0.18,172.0,39.3,67.52,49.59,108.3,136.2,36.3,True
Third Wave Coffee,core,2026Q3,avg0-3,0.18,172.0,39.3,67.52,42.32,92.4,159.5,42.5,True
Araku,core,2024Q2,0,0.2,256.0,0.0,0.0,8.07,17.2,0.0,0.0,False
Araku,core,2024Q2,1,0.2,256.0,0.0,0.0,0.37,0.8,0.0,0.0,False
Araku,core,2024Q2,2,0.2,256.0,0.0,0.0,-1.69,-3.6,-0.0,-0.0,False
Araku,core,2024Q2,3,0.2,256.0,0.0,0.0,-4.1,-8.7,-0.0,-0.0,False
Araku,core,2024Q2,avg0-3,0.2,256.0,0.0,0.0,0.66,1.4,0.0,0.0,False
Araku,core,2024Q3,0,0.2,256.0,0.0,0.0,14.3,30.5,0.0,0.0,True
Araku,core,2024Q3,1,0.2,256.0,0.0,0.0,8.07,17.2,0.0,0.0,False
Araku,core,2024Q3,2,0.2,256.0,0.0,0.0,0.37,0.8,0.0,0.0,False
Araku,core,2024Q3,3,0.2,256.0,0.0,0.0,-1.69,-3.6,-0.0,-0.0,False
Araku,core,2024Q3,avg0-3,0.2,256.0,0.0,0.0,5.26,11.2,0.0,0.0,False
Araku,core,2024Q4,0,0.2,256.0,0.0,0.0,24.81,52.9,0.0,0.0,True
Araku,core,2024Q4,1,0.2,256.0,0.0,0.0,14.3,30.5,0.0,0.0,True
Araku,core,2024Q4,2,0.2,256.0,0.0,0.0,8.07,17.2,0.0,0.0,False
Araku,core,2024Q4,3,0.2,256.0,0.0,0.0,0.37,0.8,0.0,0.0,False
Araku,core,2024Q4,avg0-3,0.2,256.0,0.0,0.0,11.89,25.3,0.0,0.0,True
Araku,core,2025Q1,0,0.2,256.0,0.0,0.0,46.11,98.2,0.0,0.0,True
Araku,core,2025Q1,1,0.2,256.0,0.0,0.0,24.81,52.9,0.0,0.0,True
Araku,core,2025Q1,2,0.2,256.0,0.0,0.0,14.3,30.5,0.0,0.0,True
Araku,core,2025Q1,3,0.2,256.0,0.0,0.0,8.07,17.2,0.0,0.0,False
Araku,core,2025Q1,avg0-3,0.2,256.0,0.0,0.0,23.32,49.7,0.0,0.0,True
Araku,core,2025Q2,0,0.2,256.0,-5.1,-12.94,43.67,93.0,-29.6,-5.4,True
Araku,core,2025Q2,1,0.2,256.0,-5.1,-12.94,46.11,98.2,-28.1,-5.1,True
Araku,core,2025Q2,2,0.2,256.0,-5.1,-12.94,24.81,52.9,-52.2,-9.6,True
Araku,core,2025Q2,3,0.2,256.0,-5.1,-12.94,14.3,30.5,-90.5,-16.6,True
Araku,core,2025Q2,avg0-3,0.2,256.0,-5.1,-12.94,32.22,68.6,-40.2,-7.4,True
Araku,core,2025Q3,0,0.2,256.0,0.0,0.0,40.81,86.9,0.0,0.0,True
Araku,core,2025Q3,1,0.2,256.0,0.0,0.0,43.67,93.0,0.0,0.0,True
Araku,core,2025Q3,2,0.2,256.0,0.0,0.0,46.11,98.2,0.0,0.0,True
Araku,core,2025Q3,3,0.2,256.0,0.0,0.0,24.81,52.9,0.0,0.0,True
Araku,core,2025Q3,avg0-3,0.2,256.0,0.0,0.0,38.85,82.7,0.0,0.0,True
Araku,core,2025Q4,0,0.2,256.0,0.0,0.0,50.83,108.3,0.0,0.0,True
Araku,core,2025Q4,1,0.2,256.0,0.0,0.0,40.81,86.9,0.0,0.0,True
Araku,core,2025Q4,2,0.2,256.0,0.0,0.0,43.67,93.0,0.0,0.0,True
Araku,core,2025Q4,3,0.2,256.0,0.0,0.0,46.11,98.2,0.0,0.0,True
Araku,core,2025Q4,avg0-3,0.2,256.0,0.0,0.0,45.35,96.6,0.0,0.0,True
Araku,core,2026Q3,0,0.2,256.0,21.1,54.0,47.98,102.2,112.5,20.6,True
Araku,core,2026Q3,1,0.2,256.0,21.1,54.0,36.01,76.7,149.9,27.5,True
Araku,core,2026Q3,2,0.2,256.0,21.1,54.0,38.7,82.4,139.5,25.6,True
Araku,core,2026Q3,3,0.2,256.0,21.1,54.0,50.83,108.3,106.2,19.5,True
Araku,core,2026Q3,avg0-3,0.2,256.0,21.1,54.0,43.38,92.4,124.5,22.8,True
Black Baza,secondary,2024Q2,0,0.2,164.0,5.0,8.12,8.07,17.2,100.6,28.8,False
Black Baza,secondary,2024Q2,1,0.2,164.0,5.0,8.12,0.37,0.8,2167.9,620.6,False
Black Baza,secondary,2024Q2,2,0.2,164.0,5.0,8.12,-1.69,-3.6,-481.8,-137.9,False
Black Baza,secondary,2024Q2,3,0.2,164.0,5.0,8.12,-4.1,-8.7,-198.1,-56.7,False
Black Baza,secondary,2024Q2,avg0-3,0.2,164.0,5.0,8.12,0.66,1.4,1221.5,349.7,False
Black Baza,secondary,2024Q3,0,0.2,164.0,5.0,8.12,14.3,30.5,56.8,16.3,True
Black Baza,secondary,2024Q3,1,0.2,164.0,5.0,8.12,8.07,17.2,100.6,28.8,False
Black Baza,secondary,2024Q3,2,0.2,164.0,5.0,8.12,0.37,0.8,2167.9,620.6,False
Black Baza,secondary,2024Q3,3,0.2,164.0,5.0,8.12,-1.69,-3.6,-481.8,-137.9,False
Black Baza,secondary,2024Q3,avg0-3,0.2,164.0,5.0,8.12,5.26,11.2,154.3,44.2,False
Black Baza,secondary,2024Q4,0,0.2,164.0,1.3,2.15,24.81,52.9,8.7,2.5,True
Black Baza,secondary,2024Q4,1,0.2,164.0,1.3,2.15,14.3,30.5,15.1,4.3,True
Black Baza,secondary,2024Q4,2,0.2,164.0,1.3,2.15,8.07,17.2,26.7,7.6,False
Black Baza,secondary,2024Q4,3,0.2,164.0,1.3,2.15,0.37,0.8,575.2,164.7,False
Black Baza,secondary,2024Q4,avg0-3,0.2,164.0,1.3,2.15,11.89,25.3,18.1,5.2,True
Black Baza,secondary,2025Q4,0,0.2,164.0,42.6,69.88,50.83,108.3,137.5,39.4,True
Black Baza,secondary,2025Q4,1,0.2,164.0,42.6,69.88,40.81,86.9,171.2,49.0,True
Black Baza,secondary,2025Q4,2,0.2,164.0,42.6,69.88,43.67,93.0,160.0,45.8,True
Black Baza,secondary,2025Q4,3,0.2,164.0,42.6,69.88,46.11,98.2,151.5,43.4,True
Black Baza,secondary,2025Q4,avg0-3,0.2,164.0,42.6,69.88,45.35,96.6,154.1,44.1,True
Black Baza,secondary,2026Q1,0,0.2,164.0,42.6,69.88,38.7,82.4,180.6,51.7,True
Black Baza,secondary,2026Q1,1,0.2,164.0,42.6,69.88,50.83,108.3,137.5,39.4,True
Black Baza,secondary,2026Q1,2,0.2,164.0,42.6,69.88,40.81,86.9,171.2,49.0,True
Black Baza,secondary,2026Q1,3,0.2,164.0,42.6,69.88,43.67,93.0,160.0,45.8,True
Black Baza,secondary,2026Q1,avg0-3,0.2,164.0,42.6,69.88,43.5,92.7,160.6,46.0,True
Black Baza,secondary,2026Q2,0,0.2,164.0,42.6,69.88,36.01,76.7,194.0,55.5,True
Black Baza,secondary,2026Q2,1,0.2,164.0,42.6,69.88,38.7,82.4,180.6,51.7,True
Black Baza,secondary,2026Q2,2,0.2,164.0,42.6,69.88,50.83,108.3,137.5,39.4,True
Black Baza,secondary,2026Q2,3,0.2,164.0,42.6,69.88,40.81,86.9,171.2,49.0,True
Black Baza,secondary,2026Q2,avg0-3,0.2,164.0,42.6,69.88,41.59,88.6,168.0,48.1,True
Black Baza,secondary,2026Q3,0,0.2,164.0,52.1,85.5,47.98,102.2,178.2,51.0,True
Black Baza,secondary,2026Q3,1,0.2,164.0,52.1,85.5,36.01,76.7,237.4,68.0,True
Black Baza,secondary,2026Q3,2,0.2,164.0,52.1,85.5,38.7,82.4,220.9,63.3,True
Black Baza,secondary,2026Q3,3,0.2,164.0,52.1,85.5,50.83,108.3,168.2,48.2,True
Black Baza,secondary,2026Q3,avg0-3,0.2,164.0,52.1,85.5,43.38,92.4,197.1,56.4,True
Bloom,secondary,2024Q2,0,0.2,180.0,3.4,6.09,8.07,17.2,75.4,19.7,False
Bloom,secondary,2024Q2,1,0.2,180.0,3.4,6.09,0.37,0.8,1624.8,423.8,False
Bloom,secondary,2024Q2,2,0.2,180.0,3.4,6.09,-1.69,-3.6,-361.1,-94.2,False
Bloom,secondary,2024Q2,3,0.2,180.0,3.4,6.09,-4.1,-8.7,-148.5,-38.7,False
Bloom,secondary,2024Q2,avg0-3,0.2,180.0,3.4,6.09,0.66,1.4,915.5,238.8,False
Bloom,secondary,2024Q3,0,0.2,180.0,3.4,6.09,14.3,30.5,42.6,11.1,True
Bloom,secondary,2024Q3,1,0.2,180.0,3.4,6.09,8.07,17.2,75.4,19.7,False
Bloom,secondary,2024Q3,2,0.2,180.0,3.4,6.09,0.37,0.8,1624.8,423.8,False
Bloom,secondary,2024Q3,3,0.2,180.0,3.4,6.09,-1.69,-3.6,-361.1,-94.2,False
Bloom,secondary,2024Q3,avg0-3,0.2,180.0,3.4,6.09,5.26,11.2,115.6,30.2,False
Bloom,secondary,2024Q4,0,0.2,180.0,5.0,9.06,24.81,52.9,36.5,9.5,True
Bloom,secondary,2024Q4,1,0.2,180.0,5.0,9.06,14.3,30.5,63.4,16.5,True
Bloom,secondary,2024Q4,2,0.2,180.0,5.0,9.06,8.07,17.2,112.3,29.3,False
Bloom,secondary,2024Q4,3,0.2,180.0,5.0,9.06,0.37,0.8,2419.8,631.2,False
Bloom,secondary,2024Q4,avg0-3,0.2,180.0,5.0,9.06,11.89,25.3,76.2,19.9,True
Bloom,secondary,2025Q1,0,0.2,180.0,11.4,20.48,46.11,98.2,44.4,11.6,True
Bloom,secondary,2025Q1,1,0.2,180.0,11.4,20.48,24.81,52.9,82.5,21.5,True
Bloom,secondary,2025Q1,2,0.2,180.0,11.4,20.48,14.3,30.5,143.2,37.4,True
Bloom,secondary,2025Q1,3,0.2,180.0,11.4,20.48,8.07,17.2,253.8,66.2,False
Bloom,secondary,2025Q1,avg0-3,0.2,180.0,11.4,20.48,23.32,49.7,87.8,22.9,True
Bloom,secondary,2025Q3,0,0.2,180.0,26.8,48.32,40.81,86.9,118.4,30.9,True
Bloom,secondary,2025Q3,1,0.2,180.0,26.8,48.32,43.67,93.0,110.6,28.9,True
Bloom,secondary,2025Q3,2,0.2,180.0,26.8,48.32,46.11,98.2,104.8,27.3,True
Bloom,secondary,2025Q3,3,0.2,180.0,26.8,48.32,24.81,52.9,194.7,50.8,True
Bloom,secondary,2025Q3,avg0-3,0.2,180.0,26.8,48.32,38.85,82.7,124.4,32.4,True
Bloom,secondary,2026Q3,0,0.2,180.0,27.2,48.94,47.98,102.2,102.0,26.6,True
Bloom,secondary,2026Q3,1,0.2,180.0,27.2,48.94,36.01,76.7,135.9,35.4,True
Bloom,secondary,2026Q3,2,0.2,180.0,27.2,48.94,38.7,82.4,126.5,33.0,True
Bloom,secondary,2026Q3,3,0.2,180.0,27.2,48.94,50.83,108.3,96.3,25.1,True
Bloom,secondary,2026Q3,avg0-3,0.2,180.0,27.2,48.94,43.38,92.4,112.8,29.4,True
Blue Tokai,core,2024Q3,0,0.2,188.0,3.4,6.36,14.3,30.5,44.5,11.1,True
Blue Tokai,core,2024Q3,1,0.2,188.0,3.4,6.36,8.07,17.2,78.8,19.7,False
Blue Tokai,core,2024Q3,2,0.2,188.0,3.4,6.36,0.37,0.8,1698.2,424.1,False
Blue Tokai,core,2024Q3,3,0.2,188.0,3.4,6.36,-1.69,-3.6,-377.4,-94.2,False
Blue Tokai,core,2024Q3,avg0-3,0.2,188.0,3.4,6.36,5.26,11.2,120.8,30.2,False
Blue Tokai,core,2024Q4,0,0.2,188.0,7.2,13.62,24.81,52.9,54.9,13.7,True
Blue Tokai,core,2024Q4,1,0.2,188.0,7.2,13.62,14.3,30.5,95.3,23.8,True
Blue Tokai,core,2024Q4,2,0.2,188.0,7.2,13.62,8.07,17.2,168.9,42.2,False
Blue Tokai,core,2024Q4,3,0.2,188.0,7.2,13.62,0.37,0.8,3637.8,908.5,False
Blue Tokai,core,2024Q4,avg0-3,0.2,188.0,7.2,13.62,11.89,25.3,114.6,28.6,True
Blue Tokai,core,2025Q1,0,0.2,188.0,7.2,13.62,46.11,98.2,29.5,7.4,True
Blue Tokai,core,2025Q1,1,0.2,188.0,7.2,13.62,24.81,52.9,54.9,13.7,True
Blue Tokai,core,2025Q1,2,0.2,188.0,7.2,13.62,14.3,30.5,95.3,23.8,True
Blue Tokai,core,2025Q1,3,0.2,188.0,7.2,13.62,8.07,17.2,168.9,42.2,False
Blue Tokai,core,2025Q1,avg0-3,0.2,188.0,7.2,13.62,23.32,49.7,58.4,14.6,True
Blue Tokai,core,2025Q2,0,0.2,188.0,7.2,13.62,43.67,93.0,31.2,7.8,True
Blue Tokai,core,2025Q2,1,0.2,188.0,7.2,13.62,46.11,98.2,29.5,7.4,True
Blue Tokai,core,2025Q2,2,0.2,188.0,7.2,13.62,24.81,52.9,54.9,13.7,True
Blue Tokai,core,2025Q2,3,0.2,188.0,7.2,13.62,14.3,30.5,95.3,23.8,True
Blue Tokai,core,2025Q2,avg0-3,0.2,188.0,7.2,13.62,32.22,68.6,42.3,10.6,True
Blue Tokai,core,2025Q3,0,0.2,188.0,34.3,64.57,40.81,86.9,158.2,39.5,True
Blue Tokai,core,2025Q3,1,0.2,188.0,34.3,64.57,43.67,93.0,147.9,36.9,True
Blue Tokai,core,2025Q3,2,0.2,188.0,34.3,64.57,46.11,98.2,140.0,35.0,True
Blue Tokai,core,2025Q3,3,0.2,188.0,34.3,64.57,24.81,52.9,260.2,65.0,True
Blue Tokai,core,2025Q3,avg0-3,0.2,188.0,34.3,64.57,38.85,82.7,166.2,41.5,True
Blue Tokai,core,2025Q4,0,0.2,188.0,34.3,64.57,50.83,108.3,127.0,31.7,True
Blue Tokai,core,2025Q4,1,0.2,188.0,34.3,64.57,40.81,86.9,158.2,39.5,True
Blue Tokai,core,2025Q4,2,0.2,188.0,34.3,64.57,43.67,93.0,147.9,36.9,True
Blue Tokai,core,2025Q4,3,0.2,188.0,34.3,64.57,46.11,98.2,140.0,35.0,True
Blue Tokai,core,2025Q4,avg0-3,0.2,188.0,34.3,64.57,45.35,96.6,142.4,35.6,True
Blue Tokai,core,2026Q1,0,0.2,188.0,34.3,64.57,38.7,82.4,166.9,41.7,True
Blue Tokai,core,2026Q1,1,0.2,188.0,34.3,64.57,50.83,108.3,127.0,31.7,True
Blue Tokai,core,2026Q1,2,0.2,188.0,34.3,64.57,40.81,86.9,158.2,39.5,True
Blue Tokai,core,2026Q1,3,0.2,188.0,34.3,64.57,43.67,93.0,147.9,36.9,True
Blue Tokai,core,2026Q1,avg0-3,0.2,188.0,34.3,64.57,43.5,92.7,148.4,37.1,True
Blue Tokai,core,2026Q2,0,0.2,188.0,34.3,64.57,36.01,76.7,179.3,44.8,True
Blue Tokai,core,2026Q2,1,0.2,188.0,34.3,64.57,38.7,82.4,166.9,41.7,True
Blue Tokai,core,2026Q2,2,0.2,188.0,34.3,64.57,50.83,108.3,127.0,31.7,True
Blue Tokai,core,2026Q2,3,0.2,188.0,34.3,64.57,40.81,86.9,158.2,39.5,True
Blue Tokai,core,2026Q2,avg0-3,0.2,188.0,34.3,64.57,41.59,88.6,155.3,38.8,True
Blue Tokai,core,2026Q3,0,0.2,188.0,37.2,70.0,47.98,102.2,145.9,36.4,True
Blue Tokai,core,2026Q3,1,0.2,188.0,37.2,70.0,36.01,76.7,194.4,48.5,True
Blue Tokai,core,2026Q3,2,0.2,188.0,37.2,70.0,38.7,82.4,180.9,45.2,True
Blue Tokai,core,2026Q3,3,0.2,188.0,37.2,70.0,50.83,108.3,137.7,34.4,True
Blue Tokai,core,2026Q3,avg0-3,0.2,188.0,37.2,70.0,43.38,92.4,161.3,40.3,True
Corridor Seven,core,2024Q2,0,0.2,196.0,0.0,0.0,8.07,17.2,0.0,0.0,False
Corridor Seven,core,2024Q2,1,0.2,196.0,0.0,0.0,0.37,0.8,0.0,0.0,False
Corridor Seven,core,2024Q2,2,0.2,196.0,0.0,0.0,-1.69,-3.6,-0.0,-0.0,False
Corridor Seven,core,2024Q2,3,0.2,196.0,0.0,0.0,-4.1,-8.7,-0.0,-0.0,False
Corridor Seven,core,2024Q2,avg0-3,0.2,196.0,0.0,0.0,0.66,1.4,0.0,0.0,False
Corridor Seven,core,2024Q3,0,0.2,196.0,4.2,8.19,14.3,30.5,57.3,13.7,True
Corridor Seven,core,2024Q3,1,0.2,196.0,4.2,8.19,8.07,17.2,101.5,24.3,False
Corridor Seven,core,2024Q3,2,0.2,196.0,4.2,8.19,0.37,0.8,2186.3,523.7,False
Corridor Seven,core,2024Q3,3,0.2,196.0,4.2,8.19,-1.69,-3.6,-485.9,-116.4,False
Corridor Seven,core,2024Q3,avg0-3,0.2,196.0,4.2,8.19,5.26,11.2,155.6,37.3,False
Corridor Seven,core,2025Q1,0,0.2,196.0,17.1,33.54,46.11,98.2,72.7,17.4,True
Corridor Seven,core,2025Q1,1,0.2,196.0,17.1,33.54,24.81,52.9,135.2,32.4,True
Corridor Seven,core,2025Q1,2,0.2,196.0,17.1,33.54,14.3,30.5,234.6,56.2,True
Corridor Seven,core,2025Q1,3,0.2,196.0,17.1,33.54,8.07,17.2,415.7,99.6,False
Corridor Seven,core,2025Q1,avg0-3,0.2,196.0,17.1,33.54,23.32,49.7,143.8,34.5,True
Corridor Seven,core,2025Q2,0,0.2,196.0,17.1,33.54,43.67,93.0,76.8,18.4,True
Corridor Seven,core,2025Q2,1,0.2,196.0,17.1,33.54,46.11,98.2,72.7,17.4,True
Corridor Seven,core,2025Q2,2,0.2,196.0,17.1,33.54,24.81,52.9,135.2,32.4,True
Corridor Seven,core,2025Q2,3,0.2,196.0,17.1,33.54,14.3,30.5,234.6,56.2,True
Corridor Seven,core,2025Q2,avg0-3,0.2,196.0,17.1,33.54,32.22,68.6,104.1,24.9,True
Corridor Seven,core,2025Q3,0,0.2,196.0,17.1,33.54,40.81,86.9,82.2,19.7,True
Corridor Seven,core,2025Q3,1,0.2,196.0,17.1,33.54,43.67,93.0,76.8,18.4,True
Corridor Seven,core,2025Q3,2,0.2,196.0,17.1,33.54,46.11,98.2,72.7,17.4,True
Corridor Seven,core,2025Q3,3,0.2,196.0,17.1,33.54,24.81,52.9,135.2,32.4,True
Corridor Seven,core,2025Q3,avg0-3,0.2,196.0,17.1,33.54,38.85,82.7,86.3,20.7,True
Corridor Seven,core,2026Q3,0,0.2,196.0,40.7,79.72,47.98,102.2,166.1,39.8,True
Corridor Seven,core,2026Q3,1,0.2,196.0,40.7,79.72,36.01,76.7,221.4,53.0,True
Corridor Seven,core,2026Q3,2,0.2,196.0,40.7,79.72,38.7,82.4,206.0,49.3,True
Corridor Seven,core,2026Q3,3,0.2,196.0,40.7,79.72,50.83,108.3,156.8,37.6,True
Corridor Seven,core,2026Q3,avg0-3,0.2,196.0,40.7,79.72,43.38,92.4,183.8,44.0,True
Devans,core,2024Q2,0,0.2,126.0,24.8,31.25,8.07,17.2,387.2,144.3,False
Devans,core,2024Q2,1,0.2,126.0,24.8,31.25,0.37,0.8,8342.8,3108.7,False
Devans,core,2024Q2,2,0.2,126.0,24.8,31.25,-1.69,-3.6,-1854.0,-690.9,False
Devans,core,2024Q2,3,0.2,126.0,24.8,31.25,-4.1,-8.7,-762.2,-284.0,False
Devans,core,2024Q2,avg0-3,0.2,126.0,24.8,31.25,0.66,1.4,4700.8,1751.6,False
Devans,core,2024Q3,0,0.2,126.0,24.8,31.25,14.3,30.5,218.6,81.4,True
Devans,core,2024Q3,1,0.2,126.0,24.8,31.25,8.07,17.2,387.2,144.3,False
Devans,core,2024Q3,2,0.2,126.0,24.8,31.25,0.37,0.8,8342.8,3108.7,False
Devans,core,2024Q3,3,0.2,126.0,24.8,31.25,-1.69,-3.6,-1854.0,-690.9,False
Devans,core,2024Q3,avg0-3,0.2,126.0,24.8,31.25,5.26,11.2,593.6,221.2,False
Devans,core,2024Q4,0,0.2,126.0,24.8,31.25,24.81,52.9,125.9,46.9,True
Devans,core,2024Q4,1,0.2,126.0,24.8,31.25,14.3,30.5,218.6,81.4,True
Devans,core,2024Q4,2,0.2,126.0,24.8,31.25,8.07,17.2,387.2,144.3,False
Devans,core,2024Q4,3,0.2,126.0,24.8,31.25,0.37,0.8,8342.8,3108.7,False
Devans,core,2024Q4,avg0-3,0.2,126.0,24.8,31.25,11.89,25.3,262.8,97.9,True
Devans,core,2025Q1,0,0.2,126.0,38.9,49.04,46.11,98.2,106.4,39.6,True
Devans,core,2025Q1,1,0.2,126.0,38.9,49.04,24.81,52.9,197.6,73.6,True
Devans,core,2025Q1,2,0.2,126.0,38.9,49.04,14.3,30.5,343.0,127.8,True
Devans,core,2025Q1,3,0.2,126.0,38.9,49.04,8.07,17.2,607.8,226.5,False
Devans,core,2025Q1,avg0-3,0.2,126.0,38.9,49.04,23.32,49.7,210.3,78.4,True
Devans,core,2025Q2,0,0.2,126.0,50.3,63.33,43.67,93.0,145.0,54.0,True
Devans,core,2025Q2,1,0.2,126.0,50.3,63.33,46.11,98.2,137.4,51.2,True
Devans,core,2025Q2,2,0.2,126.0,50.3,63.33,24.81,52.9,255.2,95.1,True
Devans,core,2025Q2,3,0.2,126.0,50.3,63.33,14.3,30.5,443.0,165.1,True
Devans,core,2025Q2,avg0-3,0.2,126.0,50.3,63.33,32.22,68.6,196.6,73.2,True
Devans,core,2025Q3,0,0.2,126.0,52.6,66.31,40.81,86.9,162.5,60.6,True
Devans,core,2025Q3,1,0.2,126.0,52.6,66.31,43.67,93.0,151.9,56.6,True
Devans,core,2025Q3,2,0.2,126.0,52.6,66.31,46.11,98.2,143.8,53.6,True
Devans,core,2025Q3,3,0.2,126.0,52.6,66.31,24.81,52.9,267.2,99.6,True
Devans,core,2025Q3,avg0-3,0.2,126.0,52.6,66.31,38.85,82.7,170.7,63.6,True
Devans,core,2025Q4,0,0.2,126.0,67.6,85.17,50.83,108.3,167.5,62.4,True
Devans,core,2025Q4,1,0.2,126.0,67.6,85.17,40.81,86.9,208.7,77.8,True
Devans,core,2025Q4,2,0.2,126.0,67.6,85.17,43.67,93.0,195.0,72.7,True
Devans,core,2025Q4,3,0.2,126.0,67.6,85.17,46.11,98.2,184.7,68.8,True
Devans,core,2025Q4,avg0-3,0.2,126.0,67.6,85.17,45.35,96.6,187.8,70.0,True
Devans,core,2026Q3,0,0.2,126.0,68.6,86.43,47.98,102.2,180.1,67.1,True
Devans,core,2026Q3,1,0.2,126.0,68.6,86.43,36.01,76.7,240.0,89.4,True
Devans,core,2026Q3,2,0.2,126.0,68.6,86.43,38.7,82.4,223.3,83.2,True
Devans,core,2026Q3,3,0.2,126.0,68.6,86.43,50.83,108.3,170.0,63.4,True
Devans,core,2026Q3,avg0-3,0.2,126.0,68.6,86.43,43.38,92.4,199.2,74.2,True
Dope Coffee,secondary,2024Q2,0,0.2,200.0,2.3,4.57,8.07,17.2,56.7,13.3,False
Dope Coffee,secondary,2024Q2,1,0.2,200.0,2.3,4.57,0.37,0.8,1220.7,286.6,False
Dope Coffee,secondary,2024Q2,2,0.2,200.0,2.3,4.57,-1.69,-3.6,-271.3,-63.7,False
Dope Coffee,secondary,2024Q2,3,0.2,200.0,2.3,4.57,-4.1,-8.7,-111.5,-26.2,False
Dope Coffee,secondary,2024Q2,avg0-3,0.2,200.0,2.3,4.57,0.66,1.4,687.8,161.5,False
Dope Coffee,secondary,2024Q3,0,0.2,200.0,9.2,18.46,14.3,30.5,129.1,30.3,True
Dope Coffee,secondary,2024Q3,1,0.2,200.0,9.2,18.46,8.07,17.2,228.7,53.7,False
Dope Coffee,secondary,2024Q3,2,0.2,200.0,9.2,18.46,0.37,0.8,4927.6,1156.8,False
Dope Coffee,secondary,2024Q3,3,0.2,200.0,9.2,18.46,-1.69,-3.6,-1095.1,-257.1,False
Dope Coffee,secondary,2024Q3,avg0-3,0.2,200.0,9.2,18.46,5.26,11.2,350.6,82.3,False
Dope Coffee,secondary,2025Q1,0,0.2,200.0,10.1,20.16,46.11,98.2,43.7,10.3,True
Dope Coffee,secondary,2025Q1,1,0.2,200.0,10.1,20.16,24.81,52.9,81.2,19.1,True
Dope Coffee,secondary,2025Q1,2,0.2,200.0,10.1,20.16,14.3,30.5,141.0,33.1,True
Dope Coffee,secondary,2025Q1,3,0.2,200.0,10.1,20.16,8.07,17.2,249.8,58.6,False
Dope Coffee,secondary,2025Q1,avg0-3,0.2,200.0,10.1,20.16,23.32,49.7,86.4,20.3,True
Dope Coffee,secondary,2025Q2,0,0.2,200.0,26.9,53.76,43.67,93.0,123.1,28.9,True
Dope Coffee,secondary,2025Q2,1,0.2,200.0,26.9,53.76,46.11,98.2,116.6,27.4,True
Dope Coffee,secondary,2025Q2,2,0.2,200.0,26.9,53.76,24.81,52.9,216.6,50.9,True
Dope Coffee,secondary,2025Q2,3,0.2,200.0,26.9,53.76,14.3,30.5,376.0,88.3,True
Dope Coffee,secondary,2025Q2,avg0-3,0.2,200.0,26.9,53.76,32.22,68.6,166.8,39.2,True
Dope Coffee,secondary,2025Q3,0,0.2,200.0,26.9,53.76,40.81,86.9,131.7,30.9,True
Dope Coffee,secondary,2025Q3,1,0.2,200.0,26.9,53.76,43.67,93.0,123.1,28.9,True
Dope Coffee,secondary,2025Q3,2,0.2,200.0,26.9,53.76,46.11,98.2,116.6,27.4,True
Dope Coffee,secondary,2025Q3,3,0.2,200.0,26.9,53.76,24.81,52.9,216.6,50.9,True
Dope Coffee,secondary,2025Q3,avg0-3,0.2,200.0,26.9,53.76,38.85,82.7,138.4,32.5,True
Dope Coffee,secondary,2025Q4,0,0.2,200.0,26.9,53.76,50.83,108.3,105.8,24.8,True
Dope Coffee,secondary,2025Q4,1,0.2,200.0,26.9,53.76,40.81,86.9,131.7,30.9,True
Dope Coffee,secondary,2025Q4,2,0.2,200.0,26.9,53.76,43.67,93.0,123.1,28.9,True
Dope Coffee,secondary,2025Q4,3,0.2,200.0,26.9,53.76,46.11,98.2,116.6,27.4,True
Dope Coffee,secondary,2025Q4,avg0-3,0.2,200.0,26.9,53.76,45.35,96.6,118.5,27.8,True
Dope Coffee,secondary,2026Q3,0,0.2,200.0,26.9,53.76,47.98,102.2,112.0,26.3,True
Dope Coffee,secondary,2026Q3,1,0.2,200.0,26.9,53.76,36.01,76.7,149.3,35.0,True
Dope Coffee,secondary,2026Q3,2,0.2,200.0,26.9,53.76,38.7,82.4,138.9,32.6,True
Dope Coffee,secondary,2026Q3,3,0.2,200.0,26.9,53.76,50.83,108.3,105.8,24.8,True
Dope Coffee,secondary,2026Q3,avg0-3,0.2,200.0,26.9,53.76,43.38,92.4,123.9,29.1,True
Grey Soul,core,2024Q2,0,0.2,259.6,0.0,0.0,8.07,17.2,0.0,0.0,False
Grey Soul,core,2024Q2,1,0.2,259.6,0.0,0.0,0.37,0.8,0.0,0.0,False
Grey Soul,core,2024Q2,2,0.2,259.6,0.0,0.0,-1.69,-3.6,-0.0,-0.0,False
Grey Soul,core,2024Q2,3,0.2,259.6,0.0,0.0,-4.1,-8.7,-0.0,-0.0,False
Grey Soul,core,2024Q2,avg0-3,0.2,259.6,0.0,0.0,0.66,1.4,0.0,0.0,False
Grey Soul,core,2024Q3,0,0.2,259.6,0.0,0.0,14.3,30.5,0.0,0.0,True
Grey Soul,core,2024Q3,1,0.2,259.6,0.0,0.0,8.07,17.2,0.0,0.0,False
Grey Soul,core,2024Q3,2,0.2,259.6,0.0,0.0,0.37,0.8,0.0,0.0,False
Grey Soul,core,2024Q3,3,0.2,259.6,0.0,0.0,-1.69,-3.6,-0.0,-0.0,False
Grey Soul,core,2024Q3,avg0-3,0.2,259.6,0.0,0.0,5.26,11.2,0.0,0.0,False
Grey Soul,core,2024Q4,0,0.2,259.6,0.0,0.0,24.81,52.9,0.0,0.0,True
Grey Soul,core,2024Q4,1,0.2,259.6,0.0,0.0,14.3,30.5,0.0,0.0,True
Grey Soul,core,2024Q4,2,0.2,259.6,0.0,0.0,8.07,17.2,0.0,0.0,False
Grey Soul,core,2024Q4,3,0.2,259.6,0.0,0.0,0.37,0.8,0.0,0.0,False
Grey Soul,core,2024Q4,avg0-3,0.2,259.6,0.0,0.0,11.89,25.3,0.0,0.0,True
Grey Soul,core,2025Q1,0,0.2,259.6,6.4,16.54,46.11,98.2,35.9,6.5,True
Grey Soul,core,2025Q1,1,0.2,259.6,6.4,16.54,24.81,52.9,66.7,12.1,True
Grey Soul,core,2025Q1,2,0.2,259.6,6.4,16.54,14.3,30.5,115.7,20.9,True
Grey Soul,core,2025Q1,3,0.2,259.6,6.4,16.54,8.07,17.2,205.0,37.1,False
Grey Soul,core,2025Q1,avg0-3,0.2,259.6,6.4,16.54,23.32,49.7,70.9,12.8,True
Grey Soul,core,2025Q2,0,0.2,259.6,8.5,22.12,43.67,93.0,50.6,9.2,True
Grey Soul,core,2025Q2,1,0.2,259.6,8.5,22.12,46.11,98.2,48.0,8.7,True
Grey Soul,core,2025Q2,2,0.2,259.6,8.5,22.12,24.81,52.9,89.1,16.1,True
Grey Soul,core,2025Q2,3,0.2,259.6,8.5,22.12,14.3,30.5,154.7,28.0,True
Grey Soul,core,2025Q2,avg0-3,0.2,259.6,8.5,22.12,32.22,68.6,68.6,12.4,True
Grey Soul,core,2025Q3,0,0.2,259.6,8.6,22.43,40.81,86.9,55.0,9.9,True
Grey Soul,core,2025Q3,1,0.2,259.6,8.6,22.43,43.67,93.0,51.4,9.3,True
Grey Soul,core,2025Q3,2,0.2,259.6,8.6,22.43,46.11,98.2,48.7,8.8,True
Grey Soul,core,2025Q3,3,0.2,259.6,8.6,22.43,24.81,52.9,90.4,16.4,True
Grey Soul,core,2025Q3,avg0-3,0.2,259.6,8.6,22.43,38.85,82.7,57.7,10.4,True
Grey Soul,core,2025Q4,0,0.2,259.6,8.6,22.43,50.83,108.3,44.1,8.0,True
Grey Soul,core,2025Q4,1,0.2,259.6,8.6,22.43,40.81,86.9,55.0,9.9,True
Grey Soul,core,2025Q4,2,0.2,259.6,8.6,22.43,43.67,93.0,51.4,9.3,True
Grey Soul,core,2025Q4,3,0.2,259.6,8.6,22.43,46.11,98.2,48.7,8.8,True
Grey Soul,core,2025Q4,avg0-3,0.2,259.6,8.6,22.43,45.35,96.6,49.5,8.9,True
Kapi Kottai,core,2024Q3,0,0.2,192.0,4.3,8.34,14.3,30.5,58.4,14.3,True
Kapi Kottai,core,2024Q3,1,0.2,192.0,4.3,8.34,8.07,17.2,103.4,25.3,False
Kapi Kottai,core,2024Q3,2,0.2,192.0,4.3,8.34,0.37,0.8,2227.4,544.7,False
Kapi Kottai,core,2024Q3,3,0.2,192.0,4.3,8.34,-1.69,-3.6,-495.0,-121.0,False
Kapi Kottai,core,2024Q3,avg0-3,0.2,192.0,4.3,8.34,5.26,11.2,158.5,38.8,False
Kapi Kottai,core,2024Q4,0,0.2,192.0,7.0,13.52,24.81,52.9,54.5,13.3,True
Kapi Kottai,core,2024Q4,1,0.2,192.0,7.0,13.52,14.3,30.5,94.6,23.1,True
Kapi Kottai,core,2024Q4,2,0.2,192.0,7.0,13.52,8.07,17.2,167.5,41.0,False
Kapi Kottai,core,2024Q4,3,0.2,192.0,7.0,13.52,0.37,0.8,3609.5,882.6,False
Kapi Kottai,core,2024Q4,avg0-3,0.2,192.0,7.0,13.52,11.89,25.3,113.7,27.8,True
Kapi Kottai,core,2025Q1,0,0.2,192.0,7.0,13.52,46.11,98.2,29.3,7.2,True
Kapi Kottai,core,2025Q1,1,0.2,192.0,7.0,13.52,24.81,52.9,54.5,13.3,True
Kapi Kottai,core,2025Q1,2,0.2,192.0,7.0,13.52,14.3,30.5,94.6,23.1,True
Kapi Kottai,core,2025Q1,3,0.2,192.0,7.0,13.52,8.07,17.2,167.5,41.0,False
Kapi Kottai,core,2025Q1,avg0-3,0.2,192.0,7.0,13.52,23.32,49.7,58.0,14.2,True
Kapi Kottai,core,2025Q2,0,0.2,192.0,7.0,13.52,43.67,93.0,31.0,7.6,True
Kapi Kottai,core,2025Q2,1,0.2,192.0,7.0,13.52,46.11,98.2,29.3,7.2,True
Kapi Kottai,core,2025Q2,2,0.2,192.0,7.0,13.52,24.81,52.9,54.5,13.3,True
Kapi Kottai,core,2025Q2,3,0.2,192.0,7.0,13.52,14.3,30.5,94.6,23.1,True
Kapi Kottai,core,2025Q2,avg0-3,0.2,192.0,7.0,13.52,32.22,68.6,42.0,10.3,True
Kapi Kottai,core,2025Q3,0,0.2,192.0,46.2,88.7,40.81,86.9,217.4,53.2,True
Kapi Kottai,core,2025Q3,1,0.2,192.0,46.2,88.7,43.67,93.0,203.1,49.7,True
Kapi Kottai,core,2025Q3,2,0.2,192.0,46.2,88.7,46.11,98.2,192.4,47.0,True
Kapi Kottai,core,2025Q3,3,0.2,192.0,46.2,88.7,24.81,52.9,357.4,87.4,True
Kapi Kottai,core,2025Q3,avg0-3,0.2,192.0,46.2,88.7,38.85,82.7,228.3,55.8,True
Kapi Kottai,core,2026Q3,0,0.2,192.0,52.2,100.19,47.98,102.2,208.8,51.1,True
Kapi Kottai,core,2026Q3,1,0.2,192.0,52.2,100.19,36.01,76.7,278.2,68.0,True
Kapi Kottai,core,2026Q3,2,0.2,192.0,52.2,100.19,38.7,82.4,258.9,63.3,True
Kapi Kottai,core,2026Q3,3,0.2,192.0,52.2,100.19,50.83,108.3,197.1,48.2,True
Kapi Kottai,core,2026Q3,avg0-3,0.2,192.0,52.2,100.19,43.38,92.4,231.0,56.5,True
Third Wave Coffee,core,2024Q2,0,0.2,172.0,8.4,14.48,8.07,17.2,179.5,49.0,False
Third Wave Coffee,core,2024Q2,1,0.2,172.0,8.4,14.48,0.37,0.8,3866.8,1055.5,False
Third Wave Coffee,core,2024Q2,2,0.2,172.0,8.4,14.48,-1.69,-3.6,-859.3,-234.6,False
Third Wave Coffee,core,2024Q2,3,0.2,172.0,8.4,14.48,-4.1,-8.7,-353.3,-96.4,False
Third Wave Coffee,core,2024Q2,avg0-3,0.2,172.0,8.4,14.48,0.66,1.4,2178.8,594.7,False
Third Wave Coffee,core,2024Q3,0,0.2,172.0,8.4,14.48,14.3,30.5,101.3,27.7,True
Third Wave Coffee,core,2024Q3,1,0.2,172.0,8.4,14.48,8.07,17.2,179.5,49.0,False
Third Wave Coffee,core,2024Q3,2,0.2,172.0,8.4,14.48,0.37,0.8,3866.8,1055.5,False
Third Wave Coffee,core,2024Q3,3,0.2,172.0,8.4,14.48,-1.69,-3.6,-859.3,-234.6,False
Third Wave Coffee,core,2024Q3,avg0-3,0.2,172.0,8.4,14.48,5.26,11.2,275.1,75.1,False
Third Wave Coffee,core,2024Q4,0,0.2,172.0,3.9,6.76,24.81,52.9,27.2,7.4,True
Third Wave Coffee,core,2024Q4,1,0.2,172.0,3.9,6.76,14.3,30.5,47.3,12.9,True
Third Wave Coffee,core,2024Q4,2,0.2,172.0,3.9,6.76,8.07,17.2,83.7,22.9,False
Third Wave Coffee,core,2024Q4,3,0.2,172.0,3.9,6.76,0.37,0.8,1803.9,492.4,False
Third Wave Coffee,core,2024Q4,avg0-3,0.2,172.0,3.9,6.76,11.89,25.3,56.8,15.5,True
Third Wave Coffee,core,2025Q1,0,0.2,172.0,3.9,6.76,46.11,98.2,14.7,4.0,True
Third Wave Coffee,core,2025Q1,1,0.2,172.0,3.9,6.76,24.81,52.9,27.2,7.4,True
Third Wave Coffee,core,2025Q1,2,0.2,172.0,3.9,6.76,14.3,30.5,47.3,12.9,True
Third Wave Coffee,core,2025Q1,3,0.2,172.0,3.9,6.76,8.07,17.2,83.7,22.9,False
Third Wave Coffee,core,2025Q1,avg0-3,0.2,172.0,3.9,6.76,23.32,49.7,29.0,7.9,True
Third Wave Coffee,core,2025Q2,0,0.2,172.0,3.9,6.76,43.67,93.0,15.5,4.2,True
Third Wave Coffee,core,2025Q2,1,0.2,172.0,3.9,6.76,46.11,98.2,14.7,4.0,True
Third Wave Coffee,core,2025Q2,2,0.2,172.0,3.9,6.76,24.81,52.9,27.2,7.4,True
Third Wave Coffee,core,2025Q2,3,0.2,172.0,3.9,6.76,14.3,30.5,47.3,12.9,True
Third Wave Coffee,core,2025Q2,avg0-3,0.2,172.0,3.9,6.76,32.22,68.6,21.0,5.7,True
Third Wave Coffee,core,2025Q3,0,0.2,172.0,3.9,6.76,40.81,86.9,16.6,4.5,True
Third Wave Coffee,core,2025Q3,1,0.2,172.0,3.9,6.76,43.67,93.0,15.5,4.2,True
Third Wave Coffee,core,2025Q3,2,0.2,172.0,3.9,6.76,46.11,98.2,14.7,4.0,True
Third Wave Coffee,core,2025Q3,3,0.2,172.0,3.9,6.76,24.81,52.9,27.2,7.4,True
Third Wave Coffee,core,2025Q3,avg0-3,0.2,172.0,3.9,6.76,38.85,82.7,17.4,4.7,True
Third Wave Coffee,core,2025Q4,0,0.2,172.0,3.9,6.76,50.83,108.3,13.3,3.6,True
Third Wave Coffee,core,2025Q4,1,0.2,172.0,3.9,6.76,40.81,86.9,16.6,4.5,True
Third Wave Coffee,core,2025Q4,2,0.2,172.0,3.9,6.76,43.67,93.0,15.5,4.2,True
Third Wave Coffee,core,2025Q4,3,0.2,172.0,3.9,6.76,46.11,98.2,14.7,4.0,True
Third Wave Coffee,core,2025Q4,avg0-3,0.2,172.0,3.9,6.76,45.35,96.6,14.9,4.1,True
Third Wave Coffee,core,2026Q2,0,0.2,172.0,39.3,67.52,36.01,76.7,187.5,51.2,True
Third Wave Coffee,core,2026Q2,1,0.2,172.0,39.3,67.52,38.7,82.4,174.5,47.6,True
Third Wave Coffee,core,2026Q2,2,0.2,172.0,39.3,67.52,50.83,108.3,132.8,36.3,True
Third Wave Coffee,core,2026Q2,3,0.2,172.0,39.3,67.52,40.81,86.9,165.5,45.2,True
Third Wave Coffee,core,2026Q2,avg0-3,0.2,172.0,39.3,67.52,41.59,88.6,162.4,44.3,True
Third Wave Coffee,core,2026Q3,0,0.2,172.0,39.3,67.52,47.98,102.2,140.7,38.4,True
Third Wave Coffee,core,2026Q3,1,0.2,172.0,39.3,67.52,36.01,76.7,187.5,51.2,True
Third Wave Coffee,core,2026Q3,2,0.2,172.0,39.3,67.52,38.7,82.4,174.5,47.6,True
Third Wave Coffee,core,2026Q3,3,0.2,172.0,39.3,67.52,50.83,108.3,132.8,36.3,True
Third Wave Coffee,core,2026Q3,avg0-3,0.2,172.0,39.3,67.52,43.38,92.4,155.6,42.5,True
