roaster,tier,pre_quarters,end,total_pct,like_for_like_pct,pack_size_pp,range_mix_pp,size_cut_products,size_cut_ppg_change_pct,products_continuing,products_added,products_dropped,median_ppg_added,median_ppg_dropped,note
Araku,core,2023Q4 2024Q1,2026Q3,12.1,21.1,0.0,-9.0,0.0,,3.0,3.0,3.0,394.0,520.0,
Black Baza,secondary,,,,,,,,,,,,,,no complete pre-shock page in the index segment
Bloom,secondary,,,,,,,,,,,,,,no complete pre-shock page in the index segment
Blue Tokai,core,2023Q1 2023Q2 2023Q3 2023Q4,2026Q3,52.1,37.2,0.0,14.9,0.0,,17.0,20.0,23.0,297.6,196.5,
Corridor Seven,core,2024Q1,2026Q3,36.6,40.7,0.0,-4.0,0.0,,6.0,9.0,5.0,276.0,252.0,
Devans,core,2023Q1 2023Q4,2026Q3,43.9,68.6,0.0,-24.7,0.0,,17.0,4.0,3.0,175.0,480.0,
Dope Coffee,secondary,2023Q1 2023Q3 2024Q1,2026Q3,31.1,26.9,0.0,4.2,0.0,,4.0,5.0,12.0,300.0,216.0,
Grey Soul,core,2023Q2 2023Q3,2025Q4,37.8,8.6,6.8,22.3,3.0,25.0,1.0,10.0,11.0,349.5,259.6,
Kapi Kottai,core,2023Q1 2023Q2 2023Q3 2024Q1,2026Q3,62.8,52.2,0.0,10.7,0.0,,5.0,3.0,18.0,359.5,196.0,
Subko,secondary,,,,,,,,,,,,,,no price index (too few matched products)
Third Wave Coffee,core,2023Q1 2023Q2 2023Q3 2023Q4,2026Q3,44.5,39.3,0.0,5.2,0.0,,7.0,0.0,3.0,,164.0,
