period,attribute,level,coef,ci_low,ci_high,p_value,pct_effect,pct_ci_low,pct_ci_high,n_obs,n_products,r2,sample
pre,log_pack_size,per 1 log unit,-0.14840529372350755,-0.1819352772118038,-0.11487531023521129,4.139379773969321e-18,-13.79183521526045,-16.63447048352369,-10.852270492878201,818,143,0.364321832387539,core
pre,process,experimental,0.19084394173816954,0.09253732144492229,0.2891505620314168,0.0001418591835011829,21.027056462229908,9.695408070765055,33.52927577845903,818,143,0.364321832387539,core
pre,process,honey,0.12217148718138249,0.025815607899634746,0.21852736646313023,0.012952365223212014,12.994785673965946,2.615171675721517,24.42430666932589,818,143,0.364321832387539,core
pre,process,natural,0.21990302483353533,0.1091655826597829,0.3306404670072878,9.937725419984414e-05,24.595589794798165,11.534701717789808,39.185928300532865,818,143,0.364321832387539,core
pre,process,too_few,-0.0025918181699143006,-0.15529701410276622,0.15011337776293762,0.9734625751228607,-0.25884623090878245,-14.38391521303114,16.196597636331923,818,143,0.364321832387539,core
pre,process,unknown,0.06426868530286423,-0.022811612249249588,0.15134898285497805,0.14802845353777933,6.637888060555475,-2.255339460292738,16.340259480424592,818,143,0.364321832387539,core
pre,species,too_few,0.2186945559119834,-0.3952490415336686,0.8326381533576354,0.48507449597687513,24.44511083965231,-32.648771417165726,129.93768544023845,818,143,0.364321832387539,core
pre,species,unknown,0.14284656662639955,-0.06901358988919862,0.3547067231419977,0.18633323782017233,15.355279459006098,-6.668600364178101,42.57624498280903,818,143,0.364321832387539,core
pre,origin_type_analysis,blend,-0.17646809385878542,-0.3103510121156472,-0.04258517560192365,0.009783610245736157,-16.17744767295536,-26.681044736499793,-4.169116248742499,818,143,0.364321832387539,core
pre,origin_type_analysis,unknown,-0.004374172573651372,-0.18193031105487606,0.1731819659075733,0.9614894561595687,-0.4364619814347548,-16.634056476193727,18.90824578676453,818,143,0.364321832387539,core
pre,roast_level,dark,-0.15548419577046835,-0.3078988039394467,-0.0030695876014899814,0.04556107822577916,-14.39993947479289,-26.5010307692779,-0.3064881234235428,818,143,0.364321832387539,core
pre,roast_level,light,-0.07118784518710228,-0.1563309992772819,0.013955308903077349,0.1012720167004821,-6.871306207314653,-14.472395224008128,1.4053138778686192,818,143,0.364321832387539,core
pre,roast_level,light_medium,-0.022887784961514557,-0.1021755511484926,0.05639998122546348,0.5715450399264229,-2.262784652631622,-9.712896229198043,5.802078756535267,818,143,0.364321832387539,core
pre,roast_level,medium_dark,-0.05233870618472186,-0.15351730960389764,0.048839897234453936,0.3106446499490342,-5.099262226739665,-14.231408213317065,5.005222101681794,818,143,0.364321832387539,core
pre,roast_level,unknown,-0.0897425498216595,-0.25407102341757837,0.07458592377425938,0.2844530748683153,-8.583349269158235,-22.4363288279918,7.743791707742886,818,143,0.364321832387539,core
shock,log_pack_size,per 1 log unit,-0.14123448817636028,-0.1700929097002461,-0.11237606665247447,8.626236453984017e-22,-13.171431490227237,-15.641356440760024,-10.629189951804086,1521,197,0.5789214585167424,core
shock,process,experimental,0.09771673158704387,0.006617189577890592,0.18881627359619715,0.03552440148336295,10.265039483805726,0.6639131548204613,20.78190238507547,1521,197,0.5789214585167424,core
shock,process,honey,-0.037293182025296676,-0.1274582358275846,0.05287187177699122,0.41756036599564483,-3.660635575935711,-11.966981867204895,5.429455157747154,1521,197,0.5789214585167424,core
shock,process,mixed,0.09471685575737994,-0.0014855233003536195,0.1909192348151135,0.053644153211083526,9.934753712845712,-0.14844204567832087,21.036169304767082,1521,197,0.5789214585167424,core
shock,process,natural,0.07549777890351402,-0.006298517901689671,0.1572940757087177,0.07044449312183049,7.842083243866993,-0.6278723817412346,17.03397317861437,1521,197,0.5789214585167424,core
shock,process,too_few,-0.050578441215767996,-0.1305980503525564,0.029441167921020396,0.21540276045764992,-4.93206466968048,-12.242955736111794,2.987884377606509,1521,197,0.5789214585167424,core
shock,process,unknown,0.02682309653198619,-0.03560341660518468,0.08924960966915706,0.3997056507665913,2.718607391096084,-3.497707032594699,9.335353388233925,1521,197,0.5789214585167424,core
shock,species,too_few,-0.09584659060835592,-0.22373189962486212,0.03203871840815027,0.14184901885026124,-9.13966063286149,-20.047054021417853,3.2557483513252494,1521,197,0.5789214585167424,core
shock,species,unknown,0.12262008415000152,-0.012207002535733855,0.25744717083573687,0.07466571487933153,13.045486163481756,-1.2132799320118348,29.362346812839156,1521,197,0.5789214585167424,core
shock,origin_type_analysis,blend,-0.13542539134551743,-0.22736535438211536,-0.04348542830891948,0.0038895818443881085,-12.665568045759358,-20.33703230283288,-4.255349439597611,1521,197,0.5789214585167424,core
shock,origin_type_analysis,unknown,-0.014799747782969754,-0.10392606143414648,0.07432656586820699,0.7448336067557191,-1.4690769793727854,-9.870806480927275,7.7158511269973085,1521,197,0.5789214585167424,core
shock,roast_level,dark,-0.06776411981788298,-0.13395422912341126,-0.001574010512354715,0.04479523051683583,-6.551912689921635,-12.536990372661794,-0.15727724074900973,1521,197,0.5789214585167424,core
shock,roast_level,light,0.04780946690262283,-0.04571782297939339,0.14133675678463906,0.3163927072959426,4.897077263257321,-4.468850888819453,15.181246334301512,1521,197,0.5789214585167424,core
shock,roast_level,light_medium,-0.060698497645811415,-0.15941184846655906,0.038014853174936226,0.2281357213466307,-5.88930570358821,-14.735487394095802,3.8746661449792663,1521,197,0.5789214585167424,core
shock,roast_level,medium_dark,-0.014322486879551208,-0.08928373731551241,0.06063876355641,0.7080465428785493,-1.4220407986650585,-8.541396543051095,6.251502570496825,1521,197,0.5789214585167424,core
shock,roast_level,unknown,0.08794566666346998,-0.02584846869879541,0.20173980202573538,0.12983422629173616,9.192879228188255,-2.551725694053575,22.352960676432886,1521,197,0.5789214585167424,core
pre,log_pack_size,per 1 log unit,-0.14592448339368091,-0.1765893519967935,-0.11525961479056833,1.0906055130104127e-20,-13.577703609418512,-16.18761122335456,-10.886523789157055,1020,218,0.45449589648364763,all
pre,process,experimental,0.17458421867525012,0.0994313544227858,0.24973708292771443,5.286020229440914e-06,19.075102163585722,10.454264616996811,28.368786885993337,1020,218,0.45449589648364763,all
pre,process,honey,0.07731009943687744,-0.0010822382380288181,0.15570243711178372,0.05324779136707652,8.037704876698172,-0.10816528294298466,16.847845553000475,1020,218,0.45449589648364763,all
pre,process,mixed,0.03591848646763007,-0.07688203510675239,0.14871900804201255,0.532561128596982,3.65713484549377,-7.40009174533014,16.03468952503002,1020,218,0.45449589648364763,all
pre,process,natural,0.181046139850556,0.09043585817085639,0.2716564215302556,8.997237846211021e-05,19.847047526614038,9.46512924536329,31.213610214185028,1020,218,0.45449589648364763,all
pre,process,too_few,-0.03986805619937425,-0.20526239426585904,0.12552628186711054,0.6366082119618147,-3.9083782273834466,-18.55664143310224,13.374496550349102,1020,218,0.45449589648364763,all
pre,process,unknown,0.04558168746264318,-0.022769229156219997,0.11393260408150636,0.19119373887175464,4.663649820187188,-2.25119665146003,12.067659331058135,1020,218,0.45449589648364763,all
pre,species,robusta,0.13987039531716983,-0.42504475088360294,0.7047855415179426,0.6274790998212986,15.012472764673056,-34.625947099108664,102.34127003718795,1020,218,0.45449589648364763,all
pre,species,too_few,0.04657740494880502,-0.14157912092614217,0.2347339308237522,0.6275477114591859,4.7679171482649,-13.201350302754944,26.45722602680167,1020,218,0.45449589648364763,all
pre,species,unknown,0.0864684311741096,-0.062328580606376666,0.23526544295459587,0.25471656490395145,9.031694714860382,-6.0425889766003715,26.52445744204137,1020,218,0.45449589648364763,all
pre,origin_type_analysis,blend,-0.16288490101048514,-0.28189686033075,-0.04387294169022028,0.0073076058654616485,-15.031101887030907,-24.564851591652335,-4.292444584980926,1020,218,0.45449589648364763,all
pre,origin_type_analysis,unknown,-0.015993274117849704,-0.14916973003737596,0.11718318180167656,0.8139186601855923,-1.5866060798079507,-13.857710684965308,12.432536677435424,1020,218,0.45449589648364763,all
pre,roast_level,dark,-0.12778252751960822,-0.24373444286708296,-0.011830612172133506,0.030777332231454263,-11.995525615108827,-21.63042773788556,-1.1760905641057584,1020,218,0.45449589648364763,all
pre,roast_level,light,-0.04482012139481506,-0.10447304625624347,0.01483280346661335,0.14085473100191137,-4.383053920610358,-9.92009230128339,1.494335541810976,1020,218,0.45449589648364763,all
pre,roast_level,light_medium,-0.014031374956273546,-0.0686528804765163,0.0405901305639692,0.614624854157527,-1.3933394019124634,-6.634928777366589,4.142516971050392,1020,218,0.45449589648364763,all
pre,roast_level,medium_dark,-0.04538153499451783,-0.12475088580499531,0.03398781581595965,0.2624319807400658,-4.436719508796305,-11.728322752470477,3.457200123565829,1020,218,0.45449589648364763,all
pre,roast_level,unknown,-0.03650547277440025,-0.15115672030547772,0.07814577475667721,0.532587294605629,-3.584718270897125,-14.028704637587541,8.128027055022669,1020,218,0.45449589648364763,all
shock,log_pack_size,per 1 log unit,-0.13755259542973675,-0.16356761834521072,-0.11153757251426279,3.646673853329747e-25,-12.8511487521078,-15.089091829063396,-10.554221625592753,1942,289,0.6205996677657871,all
shock,process,experimental,0.11274060671096761,0.0370635127394488,0.18841770068248642,0.003501736560161719,11.934154560288523,3.7758929657620177,20.73377158277254,1942,289,0.6205996677657871,all
shock,process,honey,-0.012556120890613576,-0.08064484117493248,0.055532599393705334,0.7177754039304052,-1.2477621696646568,-7.747872515883003,5.710347744317468,1942,289,0.6205996677657871,all
shock,process,mixed,0.08398569914759396,-0.005250975940314026,0.17322237423550196,0.06509089235398291,8.76133398997605,-0.5237213665146734,18.913050767233663,1942,289,0.6205996677657871,all
shock,process,natural,0.07946616154022569,0.014652672395104482,0.1442796506853469,0.016258442320958348,8.270892170726407,1.4760549049025462,15.52071178201393,1942,289,0.6205996677657871,all
shock,process,too_few,-0.029975608896254696,-0.1059370796610209,0.0459858618685115,0.4392661187815771,-2.953079592512986,-10.05187580398983,4.705960738588444,1942,289,0.6205996677657871,all
shock,process,unknown,0.029082056896374064,-0.028491452321069286,0.08665556611381742,0.32215705134388406,2.9509069328229387,-2.8089398309596003,9.052100263713125,1942,289,0.6205996677657871,all
shock,species,blend,-0.14264753024093682,-0.26474478203826723,-0.02055027844360638,0.022030188352019003,-13.294037265978808,-23.259822029679324,-2.034056051563571,1942,289,0.6205996677657871,all
shock,species,robusta,-0.09921286450953667,-0.20265294004532403,0.004227211026250663,0.06012612954730634,-9.445007193502775,-18.34384119186233,0.42361582856562663,1942,289,0.6205996677657871,all
shock,species,too_few,0.20601408993072742,-0.021683747747768184,0.43371192760922306,0.07617637305694888,22.87705171648078,-2.1450345346487043,54.29743157878788,1942,289,0.6205996677657871,all
shock,species,unknown,0.08340087222071851,-0.014850969698000593,0.18165271413943762,0.09617012178304615,8.697746029044096,-1.4741237926848338,19.9197657165046,1942,289,0.6205996677657871,all
shock,origin_type_analysis,blend,-0.11378038408028147,-0.19465337156811652,-0.03290739659244643,0.0058249192484141595,-10.754606854709447,-17.68800746187338,-3.23718388947718,1942,289,0.6205996677657871,all
shock,origin_type_analysis,unknown,-0.004825253807889104,-0.07463895342459928,0.06498844580882107,0.8922441112512454,-0.4813630972625216,-7.192149458775066,6.714669429603881,1942,289,0.6205996677657871,all
shock,roast_level,dark,-0.059771619148633215,-0.11305291089727232,-0.006490327399994111,0.02789839885362171,-5.80203608677251,-10.689659603661683,-0.6469310718078103,1942,289,0.6205996677657871,all
shock,roast_level,light,0.042942316729146904,-0.02705040920742255,0.11293504266571636,0.22917461310779358,4.3877678835015255,-2.6687823607706718,11.955920700491006,1942,289,0.6205996677657871,all
shock,roast_level,light_medium,-0.030831863609565142,-0.10381010439280733,0.04214637717367705,0.40764443102784303,-3.036140909627172,-9.860354760344936,4.30471458702244,1942,289,0.6205996677657871,all
shock,roast_level,medium_dark,-0.02424002954305376,-0.0845341048110151,0.036054045724907585,0.43071752559189436,-2.394859953319284,-8.105968544336372,3.6711874821659274,1942,289,0.6205996677657871,all
shock,roast_level,unknown,0.07916464891885902,-0.013388671236373606,0.17171796907409165,0.09365251757825531,8.238252051161599,-1.3299441643438659,18.734291856528795,1942,289,0.6205996677657871,all
