attribute,level,shock_shift,ci_low,ci_high,p_value,n_obs,sample
process,experimental,-0.046242197864720065,-0.1725958077025965,0.08011141197315638,0.4731909662274018,2339,core
process,honey,-0.06136931524188269,-0.17833425616215642,0.05559562567839106,0.3037821976729663,2339,core
process,mixed,-0.05097586279166634,-0.21164088847085483,0.10968916288752216,0.5340351444610367,2339,core
process,natural,-0.08658825149504264,-0.21990464950459382,0.04672814651450856,0.20302314952172573,2339,core
process,too_few,0.03892525743246746,-0.1250728145007052,0.20292332936564014,0.6417873646277552,2339,core
process,unknown,0.011190342477471499,-0.08952219904848323,0.11190288400342623,0.8276044653994667,2339,core
species,robusta,-0.2875288261517055,-1.0159246146140761,0.44086696231066513,0.4391193235941676,2339,core
species,too_few,-0.13587210088826862,-0.3707044864695376,0.09896028469300036,0.256786508048311,2339,core
species,unknown,-0.03363491778863418,-0.20051999363650244,0.1332501580592341,0.6928268660554465,2339,core
origin_type_analysis,blend,0.08200274837194574,-0.024899633441785043,0.1889051301856765,0.1327229237154197,2339,core
origin_type_analysis,unknown,0.027447549754644165,-0.09566859203603914,0.15056369154532748,0.6621440089017983,2339,core
roast_level,dark,0.017822995693407055,-0.0986767946894559,0.13432278607627002,0.7642917854765044,2339,core
roast_level,light,0.10001951564350983,-0.028318724408282203,0.22835775569530187,0.12664062212414734,2339,core
roast_level,light_medium,0.032638710721493,-0.07880252813414962,0.14407994957713563,0.5659469923735149,2339,core
roast_level,medium_dark,-0.011202128558606812,-0.13884987149930345,0.11644561438208983,0.8634353308124341,2339,core
roast_level,unknown,0.09628817934436587,-0.060994878274926057,0.2535712369636578,0.23018454086499437,2339,core
process,experimental,-0.025263394530354182,-0.12204746585499551,0.07152067679428714,0.6089265525005657,2962,all
process,honey,-0.024214601233412524,-0.11721119629512788,0.06878199382830283,0.6098143055703852,2962,all
process,mixed,-0.012499558292079858,-0.1379890169235304,0.1129899003393707,0.8452167790558002,2962,all
process,natural,-0.06098586741526274,-0.16195362324923931,0.039981888418713835,0.2364746929105418,2962,all
process,too_few,0.03617411672885755,-0.1047902025598136,0.1771384360175287,0.6149896396744674,2962,all
process,unknown,0.010147238645632077,-0.061978028898044366,0.08227250618930852,0.7827434981969345,2962,all
species,blend,-0.14625774179796217,-0.33270394584336505,0.04018846224744069,0.1241723981826695,2962,all
species,robusta,-0.2310382837260632,-0.7619766030477365,0.2999000355956102,0.3937258068272394,2962,all
species,too_few,-0.1421487090615251,-0.45191228512259324,0.16761486699954303,0.36843105826226835,2962,all
species,unknown,-0.03156700017821183,-0.14943289506231783,0.08629889470589416,0.5996386969318996,2962,all
origin_type_analysis,blend,0.08128667569314038,-0.008321519446592318,0.17089487083287308,0.07541194348727161,2962,all
origin_type_analysis,unknown,0.03080228362920376,-0.053640685868874424,0.11524525312728194,0.4746482381167748,2962,all
roast_level,dark,0.05401032844726093,-0.04006526036031109,0.14808591725483294,0.2604842677967193,2962,all
roast_level,light,0.0909099285463854,0.0009286004143885113,0.1808912566783823,0.047682106908439,2962,all
roast_level,light_medium,0.032074806383338664,-0.05424916618710529,0.11839877895378262,0.46646033104172974,2962,all
roast_level,medium_dark,0.0215299561423584,-0.06519101952973766,0.10825093181445444,0.6265458105365351,2962,all
roast_level,unknown,0.10869335940449087,-0.011816366643944504,0.22920308545292625,0.07709715130708329,2962,all
