attribute,level,n_obs,n_products,reported,period,sample
process,experimental,59,20,True,pre,core
process,honey,29,7,True,pre,core
process,mixed,36,4,False,pre,core
process,monsooned,24,3,False,pre,core
process,natural,72,17,True,pre,core
process,unknown,483,74,True,pre,core
process,washed,115,18,True,pre,core
species,arabica,178,24,True,pre,core
species,blend,10,1,False,pre,core
species,robusta,35,4,False,pre,core
species,unknown,595,114,True,pre,core
origin_type_analysis,blend,145,18,True,pre,core
origin_type_analysis,single_origin,395,72,True,pre,core
origin_type_analysis,unknown,278,53,True,pre,core
roast_level,dark,106,11,True,pre,core
roast_level,light,35,8,True,pre,core
roast_level,light_medium,39,10,True,pre,core
roast_level,medium,109,18,True,pre,core
roast_level,medium_dark,89,10,True,pre,core
roast_level,unknown,440,86,True,pre,core
process,experimental,203,41,True,shock,core
process,honey,60,7,True,shock,core
process,mixed,119,11,True,shock,core
process,monsooned,52,3,False,shock,core
process,natural,178,26,True,shock,core
process,unknown,629,77,True,shock,core
process,washed,280,32,True,shock,core
species,arabica,434,46,True,shock,core
species,blend,36,3,False,shock,core
species,other,2,2,False,shock,core
species,robusta,18,2,False,shock,core
species,unknown,1031,144,True,shock,core
origin_type_analysis,blend,287,26,True,shock,core
origin_type_analysis,single_origin,719,100,True,shock,core
origin_type_analysis,unknown,515,71,True,shock,core
roast_level,dark,222,14,True,shock,core
roast_level,light,175,37,True,shock,core
roast_level,light_medium,109,17,True,shock,core
roast_level,medium,357,38,True,shock,core
roast_level,medium_dark,218,17,True,shock,core
roast_level,unknown,440,74,True,shock,core
process,experimental,64,24,True,pre,all
process,honey,38,13,True,pre,all
process,mixed,45,6,True,pre,all
process,monsooned,27,4,False,pre,all
process,natural,81,25,True,pre,all
process,unknown,601,115,True,pre,all
process,washed,164,31,True,pre,all
species,arabica,240,40,True,pre,all
species,blend,16,2,False,pre,all
species,other,3,3,False,pre,all
species,robusta,47,7,True,pre,all
species,unknown,714,166,True,pre,all
origin_type_analysis,blend,162,22,True,pre,all
origin_type_analysis,single_origin,487,114,True,pre,all
origin_type_analysis,unknown,371,82,True,pre,all
roast_level,dark,118,13,True,pre,all
roast_level,light,59,18,True,pre,all
roast_level,light_medium,51,15,True,pre,all
roast_level,medium,172,49,True,pre,all
roast_level,medium_dark,137,20,True,pre,all
roast_level,unknown,483,103,True,pre,all
process,experimental,223,61,True,shock,all
process,honey,73,14,True,shock,all
process,mixed,144,15,True,shock,all
process,monsooned,56,4,False,shock,all
process,natural,185,33,True,shock,all
process,unknown,856,113,True,shock,all
process,washed,405,49,True,shock,all
species,arabica,604,71,True,shock,all
species,blend,58,6,True,shock,all
species,other,6,5,False,shock,all
species,robusta,41,6,True,shock,all
species,unknown,1233,201,True,shock,all
origin_type_analysis,blend,330,31,True,shock,all
origin_type_analysis,single_origin,892,154,True,shock,all
origin_type_analysis,unknown,720,104,True,shock,all
roast_level,dark,261,19,True,shock,all
roast_level,light,222,57,True,shock,all
roast_level,light_medium,141,28,True,shock,all
roast_level,medium,446,57,True,shock,all
roast_level,medium_dark,328,30,True,shock,all
roast_level,unknown,544,98,True,shock,all
