roaster,tier,quarter,source_type,requested_ts,served_ts,snapshot_date,served_outside_quarter,source_url,pages_expected,pages_found,missing_pages,completeness,variant_count,pct_sized,pct_non_coffee,pct_coffee_ambiguous,id_carryover,id_break,live_matched,live_median_pct_diff,live_share_higher,live_share_lower,live_compared_with
Third Wave Coffee,core,2023Q1,archive,20230128101518,20230128101518,2023-01-28,False,https://www.thirdwavecoffeeroasters.com/collections/coffee-beans,1,1,,single_page,96,100.0,0.0,0.0,,False,,,,,
Third Wave Coffee,core,2023Q2,archive,20230602190512,20230602190512,2023-06-02,False,https://www.thirdwavecoffeeroasters.com/collections/coffee-beans,1,1,,single_page,96,100.0,0.0,0.0,1.0,False,,,,,
Third Wave Coffee,core,2023Q3,archive,20230926155843,20230926155843,2023-09-26,False,https://www.thirdwavecoffeeroasters.com/collections/coffee-beans,1,1,,single_page,48,91.7,0.0,8.3,0.417,False,,,,,
Third Wave Coffee,core,2023Q4,archive,20231201062129,20231201062129,2023-12-01,False,https://www.thirdwavecoffeeroasters.com/collections/coffee-beans,1,1,,single_page,56,100.0,0.0,0.0,1.0,False,,,,,
Third Wave Coffee,core,2024Q2,archive,20240614061041,20240614061041,2024-06-14,False,https://www.thirdwavecoffeeroasters.com/collections/coffee-beans,1,1,,single_page,56,100.0,0.0,0.0,1.0,False,,,,,
Third Wave Coffee,core,2024Q3,archive,20240804112735,20240804112735,2024-08-04,False,https://www.thirdwavecoffeeroasters.com/collections/coffee-beans,1,1,,single_page,56,100.0,0.0,0.0,1.0,False,,,,,
Third Wave Coffee,core,2024Q4,archive,20241212105455,20241212105455,2024-12-12,False,https://www.thirdwavecoffeeroasters.com/collections/coffee-beans,1,1,,single_page,56,100.0,0.0,0.0,1.0,False,,,,,
Third Wave Coffee,core,2025Q1,archive,20250212171924,20250212171924,2025-02-12,False,https://www.thirdwavecoffeeroasters.com/collections/coffee-beans,1,1,,single_page,56,100.0,0.0,0.0,1.0,False,,,,,
Third Wave Coffee,core,2025Q2,archive,20250522032831,20250522032831,2025-05-22,False,https://www.thirdwavecoffeeroasters.com/collections/coffee-beans,1,1,,single_page,56,100.0,0.0,0.0,1.0,False,,,,,
Third Wave Coffee,core,2025Q3,archive,20250810131239,20250810131239,2025-08-10,False,https://www.thirdwavecoffeeroasters.com/collections/coffee-beans,1,1,,single_page,56,100.0,0.0,0.0,1.0,False,,,,,
Third Wave Coffee,core,2025Q4,archive,20251016001928,20251016001928,2025-10-16,False,https://www.thirdwavecoffeeroasters.com/collections/coffee-beans,1,1,,single_page,56,100.0,0.0,0.0,1.0,False,,,,,
Third Wave Coffee,core,2026Q2,archive,20260604202407,20260604202407,2026-06-04,False,https://www.thirdwavecoffeeroasters.com/collections/coffee-beans,1,1,,single_page,56,100.0,0.0,0.0,1.0,False,,,,,
Third Wave Coffee,core,2026Q3,live,,20260926,2026-09-26,False,https://www.thirdwavecoffeeroasters.com/collections/coffee-beans,,,,live,56,100.0,0.0,0.0,,,56.0,0.0,0.0,0.0,2026Q2
Devans,core,2023Q1,archive,20230207083451,20230207083451,2023-02-07,False,https://www.devans.in/collections/coffee,1,1,,single_page,384,99.5,11.5,0.0,,False,,,,,
Devans,core,2023Q2,archive,20230606062313,20230606062313,2023-06-06,False,https://www.devans.in/collections/coffee,2,1,2,partial,434,99.5,10.1,0.0,1.0,False,,,,,
Devans,core,2023Q3,archive,20230811214538,20230811214538,2023-08-11,False,https://www.devans.in/collections/coffee,2,1,2,partial,453,99.8,9.5,0.0,0.998,False,,,,,
Devans,core,2023Q4,archive,20231001185753,20231001185753,2023-10-01,False,https://www.devans.in/collections/coffee,2,2,,complete,466,99.1,9.9,0.0,0.934,False,,,,,
Devans,core,2024Q2,archive,20240420073135,20240420073135,2024-04-20,False,https://www.devans.in/collections/coffee,2,2,,complete,425,99.3,5.9,0.0,0.0,True,,,,,
Devans,core,2024Q3,archive,20240720064925,20240720064925,2024-07-20,False,https://www.devans.in/collections/coffee,1,1,,single_page,404,99.3,5.9,0.0,0.951,False,,,,,
Devans,core,2024Q4,archive,20241003200704,20241003200704,2024-10-03,False,https://www.devans.in/collections/coffee,1,1,,single_page,354,99.2,6.8,0.0,0.874,False,,,,,
Devans,core,2025Q1,archive,20250124133045,20250124133045,2025-01-24,False,https://www.devans.in/collections/coffee,1,1,,single_page,394,99.2,6.1,0.0,1.0,False,,,,,
Devans,core,2025Q2,archive,20250424102414,20250424102414,2025-04-24,False,https://www.devans.in/collections/coffee,1,1,,single_page,394,99.2,6.1,0.0,1.0,False,,,,,
Devans,core,2025Q3,archive,20250708113525,20250708113525,2025-07-08,False,https://www.devans.in/collections/coffee,2,2,,complete,434,99.3,5.5,0.0,0.924,False,,,,,
Devans,core,2025Q4,archive,20251018104349,20251018104349,2025-10-18,False,https://www.devans.in/collections/coffee,2,1,2,partial,384,99.2,6.2,0.0,0.885,False,,,,,
Devans,core,2026Q3,live,,20260926,2026-09-26,False,https://www.devans.in/collections/coffee,,,,live,406,99.3,6.4,0.0,,,384.0,0.0,0.052,0.052,2025Q4
Blue Tokai,core,2023Q1,archive,20230306162108,20230306162108,2023-03-06,False,https://bluetokaicoffee.com/collections/coffee,1,1,,single_page,681,97.8,1.9,0.3,,False,,,,,
Blue Tokai,core,2023Q2,archive,20230407030652,20230407030652,2023-04-07,False,https://bluetokaicoffee.com/collections/coffee,1,1,,single_page,606,97.5,2.1,0.3,0.885,False,,,,,
Blue Tokai,core,2023Q3,archive,20230831145446,20230831145446,2023-08-31,False,https://bluetokaicoffee.com/collections/coffee,1,1,,single_page,923,98.6,1.4,0.0,0.734,False,,,,,
Blue Tokai,core,2023Q4,archive,20231128223818,20231128223818,2023-11-28,False,https://bluetokaicoffee.com/collections/coffee,1,1,,single_page,1276,98.9,1.0,0.1,0.859,False,,,,,
Blue Tokai,core,2024Q1,archive,20240221104313,20240221104313,2024-02-21,False,https://bluetokaicoffee.com/collections/coffee,2,1,2,partial,774,95.7,1.7,0.9,0.54,False,,,,,
Blue Tokai,core,2024Q2,archive,20240523185941,20240523185941,2024-05-23,False,https://bluetokaicoffee.com/collections/roasted-and-ground-coffee-beans,1,1,,single_page,780,98.3,1.7,0.0,0.588,False,,,,,
Blue Tokai,core,2024Q3,archive,20240815091357,20240815091357,2024-08-15,False,https://bluetokaicoffee.com/collections/roasted-and-ground-coffee-beans,2,2,,complete,871,98.5,1.5,0.0,0.8,False,,,,,
Blue Tokai,core,2024Q4,archive,20241207053827,20241207053827,2024-12-07,False,https://bluetokaicoffee.com/collections/roasted-and-ground-coffee-beans,2,1,2,partial,650,94.0,2.0,0.0,0.422,False,,,,,
Blue Tokai,core,2025Q1,archive,20250125032915,20250125032915,2025-01-25,False,https://bluetokaicoffee.com/collections/roasted-and-ground-coffee-beans,2,2,,complete,745,98.3,1.7,0.0,0.66,False,,,,,
Blue Tokai,core,2025Q2,archive,20250423083745,20250423083745,2025-04-23,False,https://bluetokaicoffee.com/collections/roasted-and-ground-coffee-beans,1,1,,single_page,507,97.4,2.6,0.0,0.681,False,,,,,
Blue Tokai,core,2025Q3,archive,20250811080511,20250811080511,2025-08-11,False,https://bluetokaicoffee.com/collections/roasted-and-ground-coffee-beans,2,2,,complete,756,98.3,1.7,0.0,0.846,False,,,,,
Blue Tokai,core,2025Q4,archive,20251104082619,20251104082619,2025-11-04,False,https://bluetokaicoffee.com/collections/roasted-and-ground-coffee-beans,2,2,,complete,861,98.5,1.5,0.0,0.724,False,,,,,
Blue Tokai,core,2026Q1,archive,20260331072847,20260331072847,2026-03-31,False,https://bluetokaicoffee.com/collections/roasted-and-ground-coffee-beans,2,2,,complete,749,94.8,1.9,0.0,0.714,False,,,,,
Blue Tokai,core,2026Q2,archive,20260429220955,20260429220955,2026-04-29,False,https://bluetokaicoffee.com/collections/roasted-and-ground-coffee-beans,2,2,,complete,788,96.7,1.8,0.0,1.0,False,,,,,
Blue Tokai,core,2026Q3,live,,20260926,2026-09-26,False,https://bluetokaicoffee.com/collections/roasted-and-ground-coffee-beans,,,,live,253,100.0,5.5,0.0,,,209.0,0.0,0.072,0.0,2026Q2
Grey Soul,core,2023Q1,archive,20230201085038,20230201085038,2023-02-01,False,https://greysoul.coffee/collections/coffee,1,1,,single_page,480,95.4,4.6,0.0,,False,,,,,
Grey Soul,core,2023Q2,archive,20230528123058,20230528123058,2023-05-28,False,https://greysoul.coffee/collections/coffee,1,1,,single_page,109,99.1,0.9,0.0,0.0,True,,,,,
Grey Soul,core,2023Q3,archive,20230925124047,20230925124047,2023-09-25,False,https://greysoul.coffee/collections/coffee,1,1,,single_page,305,99.7,0.3,0.0,1.0,False,,,,,
Grey Soul,core,2024Q2,archive,20240415022638,20240415022638,2024-04-15,False,https://greysoul.coffee/collections/coffee,1,1,,single_page,452,99.8,0.2,0.0,0.544,False,,,,,
Grey Soul,core,2024Q3,archive,20240806004849,20240806004849,2024-08-06,False,https://greysoul.coffee/collections/coffee,1,1,,single_page,386,99.7,0.3,0.0,0.611,False,,,,,
Grey Soul,core,2024Q4,archive,20241203232232,20241203232232,2024-12-03,False,https://greysoul.coffee/collections/coffee,1,1,,single_page,496,99.8,0.2,0.0,0.744,False,,,,,
Grey Soul,core,2025Q1,archive,20250324061010,20250324061010,2025-03-24,False,https://greysoul.coffee/collections/coffee,1,1,,single_page,463,99.8,0.2,0.0,0.734,False,,,,,
Grey Soul,core,2025Q2,archive,20250613033721,20250613033721,2025-06-13,False,https://greysoul.coffee/collections/coffee,1,1,,single_page,287,99.7,0.3,0.0,0.477,False,,,,,
Grey Soul,core,2025Q3,archive,20250909125926,20250909125926,2025-09-09,False,https://greysoul.coffee/collections/coffee,1,1,,single_page,163,98.8,1.2,0.0,0.394,False,,,,,
Grey Soul,core,2025Q4,archive,20251126000240,20251126000240,2025-11-26,False,https://greysoul.coffee/collections/coffee,1,1,,single_page,79,97.5,2.5,0.0,0.442,False,,,,,
Grey Soul,core,2026Q3,live,,20260926,2026-09-26,False,https://greysoul.coffee/collections/coffee,,,,live,76,100.0,1.3,0.0,,,15.0,14.31,0.933,0.0,2025Q4
Kapi Kottai,core,2023Q1,archive,20230205065254,20230205065254,2023-02-05,False,https://kapikottai.coffee/collections/all,2,2,,complete,618,100.0,15.9,0.0,,False,,,,,
Kapi Kottai,core,2023Q2,archive,20230602074030,20230602074030,2023-06-02,False,https://kapikottai.coffee/collections/all,1,1,,single_page,349,100.0,14.0,0.0,1.0,False,,,,,
Kapi Kottai,core,2023Q3,archive,20230731175552,20230731175552,2023-07-31,False,https://kapikottai.coffee/collections/all,1,1,,single_page,189,100.0,25.9,0.0,0.542,False,,,,,
Kapi Kottai,core,2024Q1,archive,20240225173457,20240225173457,2024-02-25,False,https://kapikottai.coffee/collections/all,1,1,,single_page,328,100.0,17.4,0.0,1.0,False,,,,,
Kapi Kottai,core,2024Q3,archive,20240719234005,20240719234005,2024-07-19,False,https://kapikottai.coffee/collections/all,2,2,,complete,368,97.3,15.5,0.0,1.0,False,,,,,
Kapi Kottai,core,2024Q4,archive,20241202213236,20241202213236,2024-12-02,False,https://kapikottai.coffee/collections/all,1,1,,single_page,217,100.0,26.3,0.0,0.481,False,,,,,
Kapi Kottai,core,2025Q1,archive,20250220023736,20250220023736,2025-02-20,False,https://kapikottai.coffee/collections/all,1,1,,single_page,197,100.0,28.9,0.0,0.724,False,,,,,
Kapi Kottai,core,2025Q2,archive,20250512075921,20250512075921,2025-05-12,False,https://kapikottai.coffee/collections/all,1,1,,single_page,237,100.0,24.1,0.0,1.0,False,,,,,
Kapi Kottai,core,2025Q3,archive,20250814195344,20250814195344,2025-08-14,False,https://kapikottai.coffee/collections/all,1,1,,single_page,197,100.0,28.9,0.0,0.662,False,,,,,
Kapi Kottai,core,2026Q3,live,,20260926,2026-09-26,False,https://kapikottai.coffee/collections/all,,,,live,217,100.0,26.3,0.0,,,153.0,2.0,0.523,0.065,2025Q3
Araku,core,2023Q4,archive,20231115125149,20231210094307,2023-12-10,False,https://www.arakucoffee.in/collections/coffee,1,1,,single_page,52,76.9,0.0,0.0,,False,,,,,
Araku,core,2024Q1,archive,20240223054231,20240223054231,2024-02-23,False,https://www.arakucoffee.in/collections/coffee,1,1,,single_page,57,78.9,0.0,0.0,1.0,False,,,,,
Araku,core,2024Q2,archive,20240527084208,20240527084208,2024-05-27,False,https://www.arakucoffee.in/collections/coffee,1,1,,single_page,47,74.5,0.0,0.0,0.825,False,,,,,
Araku,core,2024Q3,archive,20240718035145,20240718035145,2024-07-18,False,https://www.arakucoffee.in/collections/coffee,1,1,,single_page,52,76.9,0.0,0.0,1.0,False,,,,,
Araku,core,2024Q4,archive,20241103151029,20241103151029,2024-11-03,False,https://www.arakucoffee.in/collections/coffee,1,1,,single_page,53,94.3,0.0,0.0,0.904,False,,,,,
Araku,core,2025Q1,archive,20250119084243,20250119084243,2025-01-19,False,https://www.arakucoffee.in/collections/coffee,1,1,,single_page,43,93.0,0.0,0.0,0.811,False,,,,,
Araku,core,2025Q2,archive,20250512203235,20250512203235,2025-05-12,False,https://www.arakucoffee.in/collections/coffee,1,1,,single_page,43,93.0,0.0,0.0,1.0,False,,,,,
Araku,core,2025Q3,archive,20250717210203,20250717210203,2025-07-17,False,https://www.arakucoffee.in/collections/coffee,1,1,,single_page,43,93.0,0.0,0.0,1.0,False,,,,,
Araku,core,2025Q4,archive,20251127222407,20251127222407,2025-11-27,False,https://www.arakucoffee.in/collections/coffee,1,1,,single_page,124,96.8,0.0,0.0,1.0,False,,,,,
Araku,core,2026Q3,live,,20260926,2026-09-26,False,https://www.arakucoffee.in/collections/coffee,,,,live,139,97.1,3.6,0.0,,,124.0,24.07,1.0,0.0,2025Q4
Corridor Seven,core,2023Q1,archive,20230224134947,20230224134959,2023-02-24,False,https://corridorseven.coffee/collections/all,2,1,2,partial,463,100.0,6.0,0.0,,False,,,,,
Corridor Seven,core,2023Q3,archive,20230926030135,20230926030135,2023-09-26,False,https://corridorseven.coffee/collections/all,2,1,2,partial,476,100.0,2.9,0.0,0.575,False,,,,,
Corridor Seven,core,2024Q1,archive,20240228095157,20240228095157,2024-02-28,False,https://corridorseven.coffee/collections/all,1,1,,single_page,476,100.0,2.9,0.0,0.647,False,,,,,
Corridor Seven,core,2024Q2,archive,20240518134659,20240518134659,2024-05-18,False,https://corridorseven.coffee/collections/all,1,1,,single_page,392,100.0,3.6,0.0,0.441,False,,,,,
Corridor Seven,core,2024Q3,archive,20240919113332,20240919113332,2024-09-19,False,https://corridorseven.coffee/collections/all,2,2,,complete,781,100.0,1.8,0.0,0.786,False,,,,,
Corridor Seven,core,2025Q1,archive,20250113204028,20250113204028,2025-01-13,False,https://corridorseven.coffee/collections/all,3,1,2 3,partial,448,100.0,3.1,0.0,0.0,True,,,,,
Corridor Seven,core,2025Q2,archive,20250427234653,20250427234653,2025-04-27,False,https://corridorseven.coffee/collections/all,4,1,2 3 4,partial,448,100.0,3.1,0.0,1.0,False,,,,,
Corridor Seven,core,2025Q3,archive,20250713082858,20250713082858,2025-07-13,False,https://corridorseven.coffee/collections/all,3,2,3,partial,952,100.0,1.5,0.0,0.781,False,,,,,
Corridor Seven,core,2026Q3,live,,20260926,2026-09-26,False,https://corridorseven.coffee/collections/all,,,,live,634,95.9,5.4,2.4,,,0.0,,,,2025Q3
Black Baza,secondary,2023Q1,archive,20230127215313,20230127215313,2023-01-27,False,https://store.blackbazacoffee.com/collections/all-coffee,2,1,2,partial,183,81.4,21.3,0.0,,False,,,,,
Black Baza,secondary,2023Q2,archive,20230603185946,20230603185946,2023-06-03,False,https://store.blackbazacoffee.com/collections/all-coffee,2,1,2,partial,142,90.1,9.9,0.0,0.776,False,,,,,
Black Baza,secondary,2023Q4,archive,20231201141027,20231201141027,2023-12-01,False,https://store.blackbazacoffee.com/collections/all-coffee,3,1,2 3,partial,142,90.1,9.9,0.0,0.901,False,,,,,
Black Baza,secondary,2024Q2,archive,20240416145016,20240416145016,2024-04-16,False,https://store.blackbazacoffee.com/collections/all-coffee,3,1,2 3,partial,142,90.1,9.9,0.0,0.901,False,,,,,
Black Baza,secondary,2024Q3,archive,20240917094614,20240917094614,2024-09-17,False,https://store.blackbazacoffee.com/collections/all-coffee,3,3,,complete,282,80.9,17.7,2.1,0.754,False,,,,,
Black Baza,secondary,2024Q4,archive,20241203030354,20241203030354,2024-12-03,False,https://store.blackbazacoffee.com/collections/all-coffee,3,1,2 3,partial,135,89.6,10.4,0.0,1.0,False,,,,,
Black Baza,secondary,2025Q1,archive,20250319201703,20250319201703,2025-03-19,False,https://store.blackbazacoffee.com/collections/all-coffee,3,1,2 3,partial,135,89.6,10.4,0.0,0.896,False,,,,,
Black Baza,secondary,2025Q3,archive,20250811134728,20250720041900,2025-07-20,False,https://www.blackbazacoffee.com/collections/coffee/,1,1,,single_page,198,89.4,10.6,0.0,0.896,False,,,,,
Black Baza,secondary,2025Q4,archive,20251130043438,20251130043438,2025-11-30,False,https://www.blackbazacoffee.com/collections/coffee,1,1,,single_page,191,89.0,11.0,0.0,0.929,False,,,,,
Black Baza,secondary,2026Q1,archive,20260213172150,20260213172150,2026-02-13,False,https://www.blackbazacoffee.com/collections/coffee,1,1,,single_page,191,89.0,11.0,0.0,0.963,False,,,,,
Black Baza,secondary,2026Q2,archive,20260429185141,20260429185141,2026-04-29,False,https://www.blackbazacoffee.com/collections/coffee,1,1,,single_page,205,89.8,10.2,0.0,0.963,False,,,,,
Black Baza,secondary,2026Q3,live,,20260926,2026-09-26,False,https://www.blackbazacoffee.com/collections/coffee,,,,live,191,100.0,11.0,0.0,,,170.0,6.9,0.959,0.0,2026Q2
Dope Coffee,secondary,2023Q1,archive,20230209093123,20230209093123,2023-02-09,False,https://dopecoffee.in/collections/coffee,1,1,,single_page,185,100.0,0.0,0.0,,False,,,,,
Dope Coffee,secondary,2023Q3,archive,20230930194858,20230930194858,2023-09-30,False,https://dopecoffee.in/collections/coffee,1,1,,single_page,216,100.0,0.0,0.0,0.886,False,,,,,
Dope Coffee,secondary,2024Q1,archive,20240228031250,20240228031250,2024-02-28,False,https://dopecoffee.in/collections/coffee,1,1,,single_page,190,100.0,0.0,0.0,0.88,False,,,,,
Dope Coffee,secondary,2024Q2,archive,20240617104047,20240617104047,2024-06-17,False,https://dopecoffee.in/collections/coffee,1,1,,single_page,164,100.0,0.0,0.0,0.863,False,,,,,
Dope Coffee,secondary,2024Q3,archive,20240919213436,20240919213436,2024-09-19,False,https://dopecoffee.in/collections/coffee,1,1,,single_page,151,100.0,0.0,0.0,0.841,False,,,,,
Dope Coffee,secondary,2025Q1,archive,20250218033659,20250218033659,2025-02-18,False,https://dopecoffee.in/collections/coffee,1,1,,single_page,177,100.0,0.0,0.0,0.914,False,,,,,
Dope Coffee,secondary,2025Q2,archive,20250524095432,20250524095432,2025-05-24,False,https://dopecoffee.in/collections/coffee,1,1,,single_page,125,100.0,0.0,0.0,0.633,False,,,,,
Dope Coffee,secondary,2025Q3,archive,20250828180701,20250828180701,2025-08-28,False,https://dopecoffee.in/collections/coffee,1,1,,single_page,91,100.0,0.0,0.0,0.52,False,,,,,
Dope Coffee,secondary,2025Q4,archive,20251007153334,20251007153334,2025-10-07,False,https://dopecoffee.in/collections/coffee,1,1,,single_page,104,100.0,0.0,0.0,1.0,False,,,,,
Dope Coffee,secondary,2026Q1,archive,20260307182326,20251007153334,2025-10-07,True,https://dopecoffee.in/collections/coffee,1,1,,single_page,104,100.0,0.0,0.0,,False,,,,,
Dope Coffee,secondary,2026Q3,live,,20260926,2026-09-26,False,https://dopecoffee.in/collections/coffee,,,,live,128,89.8,0.0,0.0,,,52.0,0.0,0.0,0.0,2025Q4
Bloom,secondary,2023Q1,archive,20230205181431,20230205181431,2023-02-05,False,https://bloomcoffeeroasters.in/collections/coffee,2,1,2,partial,351,99.4,0.6,0.0,,False,,,,,
Bloom,secondary,2023Q4,archive,20231002054759,20231002054759,2023-10-02,False,https://bloomcoffeeroasters.in/collections/coffee,2,1,2,partial,372,99.2,0.8,0.0,0.715,False,,,,,
Bloom,secondary,2024Q2,archive,20240423120322,20240423120322,2024-04-23,False,https://bloomcoffeeroasters.in/collections/coffee,2,1,2,partial,261,99.2,0.8,0.0,0.702,False,,,,,
Bloom,secondary,2024Q3,archive,20240815063824,20240815063824,2024-08-15,False,https://bloomcoffeeroasters.in/collections/coffee,2,1,2,partial,261,99.2,0.8,0.0,1.0,False,,,,,
Bloom,secondary,2024Q4,archive,20241207000803,20241207000803,2024-12-07,False,https://bloomcoffeeroasters.in/collections/coffee,2,1,2,partial,261,99.2,0.8,0.0,0.885,False,,,,,
Bloom,secondary,2025Q1,archive,20250316134431,20250316134431,2025-03-16,False,https://bloomcoffeeroasters.in/collections/coffee,2,1,2,partial,241,99.2,0.8,0.0,0.885,False,,,,,
Bloom,secondary,2025Q3,archive,20250714221908,20250714221908,2025-07-14,False,https://bloomcoffeeroasters.in/collections/coffee,3,3,,complete,305,99.0,1.0,0.0,0.697,False,,,,,
Bloom,secondary,2026Q3,live,,20260926,2026-09-26,False,https://bloomcoffeeroasters.in/collections/coffee,,,,live,40,100.0,0.0,0.0,,,18.0,0.0,0.056,0.056,2025Q3
Subko,secondary,2023Q1,archive,20230129014813,20230129014813,2023-01-29,False,https://www.subko.coffee/collections/roasted-beans,2,1,2,partial,145,40.7,0.7,58.6,,False,,,,,
Subko,secondary,2023Q2,archive,20230528190813,20230528190813,2023-05-28,False,https://www.subko.coffee/collections/roasted-beans,1,1,,single_page,325,44.3,0.3,55.4,0.083,True,,,,,
Subko,secondary,2023Q4,archive,20231130034134,20231130034134,2023-11-30,False,https://www.subko.coffee/collections/roasted-beans,1,1,,single_page,204,81.9,0.5,17.6,0.151,False,,,,,
Subko,secondary,2024Q1,archive,20240118070118,20240118070118,2024-01-18,False,https://www.subko.coffee/collections/roasted-beans,1,1,,single_page,241,74.7,0.4,24.9,0.24,False,,,,,
Subko,secondary,2024Q2,archive,20240528191206,20240528191206,2024-05-28,False,https://www.subko.coffee/collections/roasted-beans,1,1,,single_page,0,,,,,False,,,,,
Subko,secondary,2024Q3,archive,20240915012255,20240915012255,2024-09-15,False,https://www.subko.coffee/collections/specialty-arabica-microlots,1,1,,single_page,84,28.6,0.0,71.4,0.0,True,,,,,
Subko,secondary,2025Q1,archive,20250211031846,20250211031846,2025-02-11,False,https://www.subko.coffee/collections/specialty-arabica-microlots,1,1,,single_page,73,68.5,2.7,31.5,0.143,False,,,,,
Subko,secondary,2025Q2,archive,20250512155755,20250512155755,2025-05-12,False,https://www.subko.coffee/collections/specialty-arabica-microlots,1,1,,single_page,61,62.3,3.3,37.7,0.507,False,,,,,
Subko,secondary,2025Q3,archive,20250808114546,20250808114546,2025-08-08,False,https://www.subko.coffee/collections/specialty-arabica-microlots,1,1,,single_page,36,100.0,5.6,0.0,0.23,False,,,,,
Subko,secondary,2026Q3,live,,20260926,2026-09-26,False,https://www.subko.coffee/collections/specialty-arabica-microlots,,,,live,98,87.8,2.0,12.2,,,14.0,0.0,0.0,0.0,2025Q3
