quarter,months_in_quarter,arabica_usd_kg,robusta_usd_kg,inr_per_usd,arabica_green_inr_kg,arabica_roasted_inr_100g,robusta_green_inr_kg,robusta_roasted_inr_100g,arabica_roasted_inr_100g_lag1,arabica_roasted_inr_100g_lag2,arabica_roasted_inr_100g_lag3,robusta_roasted_inr_100g_lag1,robusta_roasted_inr_100g_lag2,robusta_roasted_inr_100g_lag3,roast_loss
2022Q1,3,5.95,2.3767,75.1888,447.2663,54.5447,178.6536,21.787,51.572,44.796,,21.9627,20.8207,,0.18
2022Q2,3,5.8733,2.2833,77.1851,453.384,55.2907,176.2385,21.4925,54.5447,51.572,44.796,21.787,21.9627,20.8207,0.18
2022Q3,3,5.82,2.3633,79.7839,464.3574,56.6289,188.5758,22.997,55.2907,54.5447,51.572,21.4925,21.787,21.9627,0.18
2022Q4,3,4.88,2.12,82.1486,400.9026,48.8906,174.1671,21.2399,56.6289,55.2907,54.5447,22.997,21.4925,21.787,0.18
2023Q1,3,4.84,2.2533,82.2023,397.9328,48.5284,185.2567,22.5923,48.8906,56.6289,55.2907,21.2399,22.997,21.4925,0.18
2023Q2,3,4.8267,2.72,82.1638,396.558,48.3607,223.4997,27.2561,48.5284,48.8906,56.6289,22.5923,21.2399,22.997,0.18
2023Q3,3,4.1467,2.7633,82.6796,342.8093,41.806,228.4581,27.8607,48.3607,48.5284,48.8906,27.2561,22.5923,21.2399,0.18
2023Q4,3,4.35,2.77,83.2454,362.1213,44.1611,230.5914,28.1209,41.806,48.3607,48.5284,27.8607,27.2561,22.5923,0.18
2024Q1,3,4.56,3.4333,83.0273,378.6007,46.1708,285.0564,34.763,44.1611,41.806,48.3607,28.1209,27.8607,27.2561,0.18
2024Q2,3,5.2767,4.2567,83.4147,440.1565,53.6776,355.0744,43.3018,46.1708,44.1611,41.806,34.763,28.1209,27.8607,0.18
2024Q3,3,5.85,4.93,83.7553,489.978,59.7534,412.9209,50.3562,53.6776,46.1708,44.1611,43.3018,34.763,28.1209,0.18
2024Q4,3,6.7967,5.03,84.4354,574.1193,70.0145,424.7656,51.8007,59.7534,53.6776,46.1708,50.3562,43.3018,34.763,0.18
2025Q1,3,8.5933,5.6367,86.6168,744.4763,90.7898,488.2806,59.5464,70.0145,59.7534,53.6776,51.8007,50.3562,43.3018,0.18
2025Q2,3,8.4733,5.0,85.5665,724.9545,88.4091,427.7391,52.1633,90.7898,70.0145,59.7534,59.5464,51.8007,50.3562,0.18
2025Q3,3,8.03,4.2467,87.3541,702.0501,85.6159,371.3268,45.2838,88.4091,90.7898,70.0145,52.1633,59.5464,51.8007,0.18
2025Q4,3,8.7833,4.56,89.0828,782.2737,95.3992,406.0464,49.5179,85.6159,88.4091,90.7898,45.2838,52.1633,59.5464,0.18
2026Q1,3,7.49,4.0333,91.4888,685.1961,83.5605,368.9236,44.9907,95.3992,85.6159,88.4091,49.5179,45.2838,52.1633,0.18
2026Q2,3,7.0133,3.6767,94.658,663.7145,80.9408,348.0476,42.4448,83.5605,95.3992,85.6159,44.9907,49.5179,45.2838,0.18
2026Q3,2,7.94,4.025,95.6508,759.461,92.6172,385.0037,46.9517,80.9408,83.5605,95.3992,42.4448,44.9907,49.5179,0.18
