month,roaster,tier,status,robots,n_products,prev_products,big_drop,error
2026-09,Araku,core,seeded_phase2,,11,,False,
2026-09,Black Baza,secondary,seeded_phase2,,17,,False,
2026-09,Bloom,secondary,seeded_phase2,,26,,False,
2026-09,Blue Tokai,core,seeded_phase2,,42,,False,
2026-09,Corridor Seven,core,seeded_phase2,,38,,False,
2026-09,Devans,core,seeded_phase2,,28,,False,
2026-09,Dope Coffee,secondary,seeded_phase2,,11,,False,
2026-09,Grey Soul,core,seeded_phase2,,12,,False,
2026-09,Kapi Kottai,core,seeded_phase2,,13,,False,
2026-09,Subko,secondary,seeded_phase2,,10,,False,
2026-09,Third Wave Coffee,core,seeded_phase2,,7,,False,
