roaster,product_id,host,product_title,handle,handle_source
Third Wave Coffee,6795616256070,www.thirdwavecoffeeroasters.com,El Diablo Blend,el-diablo-blend,live
Third Wave Coffee,6795616124998,www.thirdwavecoffeeroasters.com,Baarbara Estate,,unmapped
Third Wave Coffee,6795616092230,www.thirdwavecoffeeroasters.com,Vienna Roast,vienna-roast,live
Third Wave Coffee,6795651940422,www.thirdwavecoffeeroasters.com,Bettadakhan Estate,,unmapped
Third Wave Coffee,6795651973190,www.thirdwavecoffeeroasters.com,Monsoon Malabar AA,monsoon-malabar-aa,live
Third Wave Coffee,6795647483974,www.thirdwavecoffeeroasters.com,French Roast,french-roast,live
Third Wave Coffee,6795616387142,www.thirdwavecoffeeroasters.com,Signature South Indian Filter Blend,organic-signature-filter-coffee-blend,live
Third Wave Coffee,6795649613894,www.thirdwavecoffeeroasters.com,Signature Cold Brew Blend,,unmapped
Third Wave Coffee,7164340961350,www.thirdwavecoffeeroasters.com,Speciality Single Origin Chikmagalur Region,speciality-single-origin-chikmagalur-region,live
Third Wave Coffee,7164334211142,www.thirdwavecoffeeroasters.com,Speciality Single Origin Bababudangiri Region,speciality-single-origin-bababudangiri-region,live
Devans,6657600356531,www.devans.in,Cold Brew Coffee Bags (Cinnamon),,unmapped
Devans,6657596850355,www.devans.in,Cold Brew Coffee Bags - Original,,unmapped
Devans,6657600880819,www.devans.in,Vietnamese Robusta,,unmapped
Devans,6657601274035,www.devans.in,PERÙ - Washed Gr.1 Tres Mosqueteros,,unmapped
Devans,6657985937587,www.devans.in,Arabica Peaberry,,unmapped
Devans,6657601470643,www.devans.in,Arabica Plantation-AA,,unmapped
Devans,6657597309107,www.devans.in,Arabica Plantation-AAA - Mysore Nuggets Extra Bold,,unmapped
Devans,6657597145267,www.devans.in,Organic Arabica Coffee,,unmapped
Devans,6657597669555,www.devans.in,Monsooned Malabar Arabica AA,,unmapped
Devans,6657597767859,www.devans.in,Robusta Kaapi Royale,,unmapped
Devans,6657598259379,www.devans.in,Arabica French Roast,,unmapped
Devans,6657597440179,www.devans.in,Special Blend,,unmapped
Devans,6657597997235,www.devans.in,Oriental Espresso Blend,,unmapped
Devans,6657598095539,www.devans.in,Viennese Blend,,unmapped
Devans,6657602093235,www.devans.in,Arabica Peaberry Dark Roast,,unmapped
Devans,6657602388147,www.devans.in,Arabica Plantation-AAA (Dark Roast),,unmapped
Devans,6657600487603,www.devans.in,The Lodhi Blend,,unmapped
Devans,6657601929395,www.devans.in,Devans Gayathri (60% coffee +40% chicory),,unmapped
Devans,6657601601715,www.devans.in,Devans Natraj (70% coffee + 30% chicory),,unmapped
Devans,6657601765555,www.devans.in,Devans Premium Blend,,unmapped
Devans,6731526144179,www.devans.in,Chicory Powder,,unmapped
Devans,6747522007219,www.devans.in,Filter Coffee Concentrate,filter-coffee-concentrate,title_slug
Devans,7772623929564,www.devans.in,Celebration Blend,,unmapped
Devans,6657600716979,www.devans.in,Colombian Supremo Arabica Coffee,,unmapped
Devans,8038868615388,www.devans.in,Ethiopian djimmah Jasmine,,unmapped
Devans,8067709042908,www.devans.in,Coffee Bags Dip & Sip,coffee-bags-dip-sip,title_slug
Devans,8067709862108,www.devans.in,Coffee Bags  Dip & Sip,coffee-bags-dip-sip,title_slug
Devans,8083117867228,www.devans.in,Black Honey Coffee,,unmapped
Devans,8144553017564,www.devans.in,Copy of Arabica Peaberry,copy-of-arabica-peaberry,title_slug
Devans,8414028759260,www.devans.in,ARABICA PEABERRY COFFEE,peaberry-coffee,live
Devans,8414028890332,www.devans.in,ARABICA PLANTATION -AAA COFFEE (Dark Roast),arabica-plantation-coffee-dark-roast,live
Devans,8414029775068,www.devans.in,ARABICA FRENCH ROAST COFFEE,arabica-coffee,live
Devans,8414029873372,www.devans.in,VIENNESE BLEND,viennese-blend-coffee,live
Devans,8414029938908,www.devans.in,ORIENTAL ESPRESSO BLEND,oriental-espresso-blend-coffee,live
Devans,8414030037212,www.devans.in,ROBUSTA KAAPI ROYALE,robusta,live
Devans,8414030135516,www.devans.in,MONSOONED MALABAR - ARABICA AA,monsoon-malabar-coffee,live
Devans,8414030168284,www.devans.in,SPECIAL BLEND,special-blend-coffee,live
Devans,8414030201052,www.devans.in,ARABICA PLANTATION -AAA - Mysore Nuggets Extra Bold,arabica-plantation-coffee,live
Devans,8414030266588,www.devans.in,ORGANIC ARABICA COFFEE,organic-arabica-coffee-1,live
Devans,8414013391068,www.devans.in,DEVANS PREMIUM BLEND,devans-premium-blend-coffee,live
Devans,8414028234972,www.devans.in,BLACK HONEY COFFEE,black-honey-coffee-1,live
Devans,8414028333276,www.devans.in,COFFEE BAGS - DIP &SIP (LODHI BLEND),coffee-dip-sip-bags,live
Devans,8414028398812,www.devans.in,ETHIOPIAN DJIMMAH JASMINE COFFEE,euthopian,live
Devans,8414028529884,www.devans.in,CELEBRATION BLEND,celebration,live
Devans,8414028595420,www.devans.in,Filter Coffee Concentrate,filter-coffee-concentrate,title_slug
Devans,8414028660956,www.devans.in,CHICORY POWDER,chicory-coffee-powder,live
Devans,8414029021404,www.devans.in,ARABICA PEABERRY DARK ROAST COFFEE,arabica-peaberry-dark-roast-coffee,live
Devans,8414029119708,www.devans.in,DEVANS NATRAJ COFFEE ( 70% coffee + 30% chicory),devans-natraj-coffee,live
Devans,8414029250780,www.devans.in,ARABICA PLANTATION - AA COFFEE,arabica-plantation-coffee-1,live
Devans,8414029316316,www.devans.in,VIETNAMESE ROBUSTA COFFEE,vietnamese-robusta-coffee,title_slug
Devans,8414029447388,www.devans.in,ARABICA AA TANGA- TANZANIA,,unmapped
Devans,8414029545692,www.devans.in,LODHI BLEND,lodhi-blend-coffee,live
Devans,8414029643996,www.devans.in,COLD BREW COFFEE BAGS (CINNAMON),,unmapped
Devans,8414030364892,www.devans.in,COLD BREW COFFEE BAGS- ORIGINAL,coffee-bags,live
Devans,8418145698012,www.devans.in,Dip n Sip Coffee Bags - VIENNESE BLEND,viennese-blend-1,live
Devans,8948084277468,www.devans.in,BRAZIL SANTOS CERRADO DULCE,,unmapped
Devans,8972146114780,www.devans.in,SPECIAL BLEND (WHOLE SALE),special-blend-wholesale,live
Devans,8972147458268,www.devans.in,ARABICA FRENCH ROAST COFFEE (WHOLE SALE),arabica-french-roast-coffee-wholesale,live
Devans,8991379587292,www.devans.in,ORIENTAL ESPRESSO BLEND (WHOLE SALE),oriental-espresso-blend-whole-sale,live
Devans,8991381291228,www.devans.in,DEVANS PREMIUM BLEND (WHOLE SALE),devans-premium-blend-whole-sale,live
Blue Tokai,6774577135671,bluetokaicoffee.com,Hidden Falls Estate,hidden-falls-estate,title_slug
Blue Tokai,400881436,bluetokaicoffee.com,Attikan Estate,attikan-estate,live
Blue Tokai,410190640,bluetokaicoffee.com,Vienna Roast,vienna-roast,live
Blue Tokai,4480736919607,bluetokaicoffee.com,Silver Oak Cafe Blend,silver-oak-cafe-blend,live
Blue Tokai,456367752,bluetokaicoffee.com,French Roast,french-roast,live
Blue Tokai,1698722938935,bluetokaicoffee.com,Customised Sampler Pack,customised-sampler-pack,live
Blue Tokai,6733033734199,bluetokaicoffee.com,Sampigehoney Estate,sampigehoney-estate,live
Blue Tokai,6669351354423,bluetokaicoffee.com,Loyola Estate,loyola-estate,title_slug
Blue Tokai,6725619482679,bluetokaicoffee.com,Stanmore Estate,stanmore-estate,title_slug
Blue Tokai,6705415159863,bluetokaicoffee.com,Thogarihunkal Estate HSD,thogarihunkal-estate-hsd,title_slug
Blue Tokai,6611250282551,bluetokaicoffee.com,Kerehaklu Estate - Robusta,kerehaklu-estate-robusta,title_slug
Blue Tokai,6547929530423,bluetokaicoffee.com,Dhak Blend,dhak-blend,live
Blue Tokai,2601862596,bluetokaicoffee.com,Baarbara Estate,baarbara-estate,live
Blue Tokai,1628720988215,bluetokaicoffee.com,Thogarihunkal Estate,thogarihunkal-estate,title_slug
Blue Tokai,6623009177655,bluetokaicoffee.com,South Indian Filter Blend,south-indian-filter-blend,title_slug
Blue Tokai,4615386857527,bluetokaicoffee.com,Orchardale Estate,orchardale-estate,title_slug
Blue Tokai,9516855880,bluetokaicoffee.com,Cold Brew Blend Bold,cold-brew-blend-dark-roast,live
Blue Tokai,1718179725367,bluetokaicoffee.com,Cold Brew Blend Light,amaltas-blend,live
Blue Tokai,6748258172983,bluetokaicoffee.com,Central Washing Station Coffees (Pack of 3),,unmapped
Blue Tokai,6748328984631,bluetokaicoffee.com,Central Washing Station Coffees (Pack of 5),,unmapped
Blue Tokai,6624803225655,bluetokaicoffee.com,10th Birthday Blend,10th-birthday-blend,title_slug
Blue Tokai,456368360,bluetokaicoffee.com,Monsoon Malabar AA- Hoysala Estate,monsoon-malabar,live
Blue Tokai,6820237279287,bluetokaicoffee.com,Baarbara Estate - Intenso Yeast,,unmapped
Blue Tokai,6820236689463,bluetokaicoffee.com,Hoysala Estate - Natural,hoysala-estate-natural,title_slug
Blue Tokai,425316984,bluetokaicoffee.com,M.S. Estate,m-s-estate,live
Blue Tokai,6814187094071,bluetokaicoffee.com,Basankhan Estate,basankhan-estate,live
Blue Tokai,6669349519415,bluetokaicoffee.com,Yelnoorkhan Estate,yelnoorkhan-estate,title_slug
Blue Tokai,6812836823095,bluetokaicoffee.com,Seethargundu Estate - Light,seethargundu-estate-light,title_slug
Blue Tokai,436795904,bluetokaicoffee.com,Kalledevarapura Estate - Pulp Sun Dried,kalledevarapura-pulp-sun-dried,live
Blue Tokai,6556397502519,bluetokaicoffee.com,Sandalwood Estate,sandalwood-estate,live
Blue Tokai,6568026243127,bluetokaicoffee.com,Howdia Estate,howdia-estate,live
Blue Tokai,6731348017207,bluetokaicoffee.com,Unakki Estate - Washed,unakki-estate-washed,live
Blue Tokai,6676414398519,bluetokaicoffee.com,Kolli Berri Estate,kolli-berri-estate,live
Blue Tokai,6835135709239,bluetokaicoffee.com,The Rich & Bold Trio Pack,the-rich-bold-trio-pack,live
Blue Tokai,6878196498487,bluetokaicoffee.com,Riverdale Estate – 3xNaturals,,unmapped
Blue Tokai,6882611265591,bluetokaicoffee.com,Koraput- Madhu Agro Plantation,,unmapped
Blue Tokai,6879017762871,bluetokaicoffee.com,Gundikhan Estate,,unmapped
Blue Tokai,6848137658423,bluetokaicoffee.com,Diwali Blend,diwali-blend,title_slug
Blue Tokai,6869837054007,bluetokaicoffee.com,Krishnagiri Estate,,unmapped
Blue Tokai,6853329846327,bluetokaicoffee.com,MSP Orchardale: Natural,,unmapped
Blue Tokai,6719156650039,bluetokaicoffee.com,Shivagange Estate,shivagange-estate,title_slug
Blue Tokai,6848144670775,bluetokaicoffee.com,Salawara Estate - Robusta,,unmapped
Blue Tokai,6659934912567,bluetokaicoffee.com,Kerehaklu Estate - Washed,kerehaklu-estate-light-1,live
Blue Tokai,6838185590839,bluetokaicoffee.com,Bettadamalali Estate - Natural,,unmapped
Blue Tokai,6840509825079,bluetokaicoffee.com,Riverdale Estate - Aroma,riverdale-estate-aroma,title_slug
Blue Tokai,6920334147639,bluetokaicoffee.com,Silver Oak Blend  | Medium Roast - Single Serve,,unmapped
Blue Tokai,6920318943287,bluetokaicoffee.com,Sampigehoney Estate | Medium Dark Roast - Single Serve,,unmapped
Blue Tokai,6904075485239,bluetokaicoffee.com,11th Birthday Blend,11th-birthday-blend,title_slug
Blue Tokai,6904312660023,bluetokaicoffee.com,SICC - Sirangalli Community,sicc-sirangalli-community,title_slug
Blue Tokai,6916026892343,bluetokaicoffee.com,Central Washing Station,central-washing-station,title_slug
Blue Tokai,6953214869559,bluetokaicoffee.com,5-in-1 Explorer Pack,5-in-1-explorer-pack,live
Blue Tokai,7151179563063,bluetokaicoffee.com,Monsoon Blend,monsoon-blend,title_slug
Blue Tokai,7141857198135,bluetokaicoffee.com,Yellikodige Estate,yellikodige-estate,title_slug
Blue Tokai,7128277778487,bluetokaicoffee.com,Kerehaklu Estate – Thermal Shock,kerehaklu-estate-thermal-shock,title_slug
Blue Tokai,7180851380279,bluetokaicoffee.com,Origin Unhurried: Chikmagalur Pack,origin-unhurried-chikmagalur-pack,title_slug
Blue Tokai,7203513761847,bluetokaicoffee.com,Origin Unhurried: Araku Valley Pack,origin-unhurried-araku-valley-pack,title_slug
Blue Tokai,7204001185847,bluetokaicoffee.com,Winter Blend,winter-blend-1,live
Blue Tokai,7201269973047,bluetokaicoffee.com,Amruthavarshini Estate,amruthavarshini-estate,live
Blue Tokai,7215158755383,bluetokaicoffee.com,Raxidi Estate - Natural,raxidi-lobo-estate-anaerobic-naturals,live
Blue Tokai,7213329088567,bluetokaicoffee.com,Salawara Estate - Lot 1418,salawara-estate-lot-1418,title_slug
Blue Tokai,7210364895287,bluetokaicoffee.com,Wine Barrel Aged Coffee,,unmapped
Blue Tokai,7208527298615,bluetokaicoffee.com,Riverdale Estate – Gesha Natural,riverdale-estate-gesha-natural,title_slug
Blue Tokai,7314721898551,bluetokaicoffee.com,The Monsoon Trio,the-monsoon-trio,live
Blue Tokai,7320180424759,bluetokaicoffee.com,SKIA Coffee (Pack of 2),skia-coffee-pack-of-2,live
Blue Tokai,6601531981879,bluetokaicoffee.com,Riverdale Estate N72,riverdale-estate-n72,title_slug
Blue Tokai,7308826279991,bluetokaicoffee.com,Warsanlyngdoh Coffee Collective,warsanlyngdoh-coffee-collective,live
Blue Tokai,7292888285239,bluetokaicoffee.com,Krishnagiri Estate,krishnagiri-estate-dark,live
Blue Tokai,7284647002167,bluetokaicoffee.com,St. Joseph Estate,st-joseph-estate,live
Blue Tokai,7291051016247,bluetokaicoffee.com,Riverdale Estate – Fruit Punch,riverdale-estate-fruit-punch,title_slug
Blue Tokai,7364722491447,bluetokaicoffee.com,SICC - Excelsa,sicc-excelsa,title_slug
Blue Tokai,7326021877815,bluetokaicoffee.com,Kuttinkhan Upper Estate,kuttinkhan-upper-estate,title_slug
Blue Tokai,7314532401207,bluetokaicoffee.com,Mooleh Manay Estate – CM Natural,mooleh-manay-estate-cm-natural,live
Blue Tokai,7376323903543,bluetokaicoffee.com,Half - Caff,half-caff,live
Blue Tokai,7390307024951,bluetokaicoffee.com,13th Birthday Blend,13th-birthday-blend,live
Blue Tokai,7390307090487,bluetokaicoffee.com,Ratnagiri Estate - Dark Room Natural,ratnagiri-estate-dark-room-natural,title_slug
Blue Tokai,7398919602231,bluetokaicoffee.com,Kalledevarapura Estate - The Fermentation Edit,kalledevarapura-estate-the-fermentation-edit,title_slug
Blue Tokai,7407376695351,bluetokaicoffee.com,Riverdale Estate - White Rose,riverdale-estate-white-rose,title_slug
Blue Tokai,7412302413879,bluetokaicoffee.com,The Teenage Trail - Box of 13 Coffees,the-teenage-trail-box-of-13-coffees,live
Grey Soul,7351537926341,greysoul.coffee,Baarbara Estate 24 Hours Fermentation (Medium Profile),baarbara-estate-24-hours-fermentation-medium-profile,title_slug
Grey Soul,7339168596165,greysoul.coffee,Badra Naturals (Med-Light Profile),badra-naturals-med-light-profile,title_slug
Grey Soul,7321660162245,greysoul.coffee,NAGALAND MON NATURALS (LIGHT ROAST),nagaland-mon-naturals-light-roast,title_slug
Grey Soul,7321669697733,greysoul.coffee,NAGALAND ZUNHEBOTO HONEY (LIGHT-MED ROAST),,unmapped
Grey Soul,7295490916549,greysoul.coffee,DNX-1 Yeast Fermentation (Med Profile),dnx-1-yeast-fermentation-med-profile,title_slug
Grey Soul,7276743688389,greysoul.coffee,DB Naturals Ratnagiri Estate (Med Profile),,unmapped
Grey Soul,7209404006597,greysoul.coffee,Ratnagiri Washed (Med-Dark Profile),,unmapped
Grey Soul,7269407785157,greysoul.coffee,Honey Anaerobic Ratnagiri Estate (Med-Light Profile),,unmapped
Grey Soul,7230153720005,greysoul.coffee,Lactic Fermentation Naturals (Light-Med Profile),,unmapped
Grey Soul,7171511877829,greysoul.coffee,ELL'SWORTH RED HONEY (Med Profile),,unmapped
Grey Soul,7171489235141,greysoul.coffee,Submarine Fermentation (Med-Dark Profile),,unmapped
Grey Soul,6705297326277,greysoul.coffee,Gungegiri - SC 40A (Single Origin Anaerobic Naturals) (Med Roast at 14% DTR),,unmapped
Grey Soul,6705293099205,greysoul.coffee,Karadykan - SC 3A (Single Origin Red Honey) (Med Roast at 16% DTR),,unmapped
Grey Soul,7060411547845,greysoul.coffee,SC 51A (2022 Micro LOT - 1) (Med Roast),,unmapped
Grey Soul,6688570966213,greysoul.coffee,4 X COFFEES,,unmapped
Grey Soul,6688569426117,greysoul.coffee,3 X COFFEES,,unmapped
Grey Soul,7425831207109,greysoul.coffee,Ell'sworth Black Honey (Light-Med Profile),,unmapped
Grey Soul,7425820688581,greysoul.coffee,Badra HDT X CATUAI Naturals (Light-Med Profile),badra-hdt-x-catuai-naturals-light-med-profile,title_slug
Grey Soul,7425799291077,greysoul.coffee,Biccode (Vana) Naturals (Light Roast),,unmapped
Grey Soul,7425739882693,greysoul.coffee,Slow sun-dried Naturals Biccode Estate (Med Roast),,unmapped
Grey Soul,6661709332677,greysoul.coffee,Biccode Estate Naturals (DRIP BAGS),ready-to-brew-coffee-drip-bags,live
Grey Soul,7481415532741,greysoul.coffee,Anaerobic Naturals Koppathur (Light Profile),anaerobic-naturals-koppathur-light-profile,title_slug
Grey Soul,7477612249285,greysoul.coffee,Crimson Washed MS Estate (Med-Dark Roast),crimson-washed-ms-estate-med-dark-roast,title_slug
Grey Soul,7464466284741,greysoul.coffee,Lactic Fermentation Naturals (Light Roast),lactic-fermentation-naturals-light-roast,title_slug
Grey Soul,7464468480197,greysoul.coffee,Yeast Nitrogen Naturals (Light-Med Roast),,unmapped
Grey Soul,7487855853765,greysoul.coffee,Roasters Espresso (Med-Dark Profile),roasters-espresso-med-dark-profile,live
Grey Soul,7451014234309,greysoul.coffee,Nagaland Kohima 23 Naturals (Light Roast Profile),nagaland-kohima-23-naturals-light-roast-profile,title_slug
Grey Soul,7450817396933,greysoul.coffee,Nagaland Zunheboto GRADED Naturals (Light-Med Profile),nagaland-zunheboto-graded-naturals-light-med-profile,title_slug
Grey Soul,7450794131653,greysoul.coffee,Nagaland Zunheboto Naturals (Light-Med Profile),nagaland-zunheboto-naturals-light-med-profile,title_slug
Grey Soul,7705499173061,greysoul.coffee,Cold Brew Naturals (Med Profile),cold-brew-naturals-med-profile,title_slug
Grey Soul,7705455919301,greysoul.coffee,Single Origin Anaerobic Espresso (Med-Dark Profile),,unmapped
Grey Soul,7637517500613,greysoul.coffee,SLN 5A Anaerobic Fermentation (Light-Med Profile),sln-5a-anaerobic-fermentation-light-med-profile,title_slug
Grey Soul,7637494137029,greysoul.coffee,Sachimore Anaerobic Fermentation (Med Profile),,unmapped
Grey Soul,7637470249157,greysoul.coffee,SLN 9 CIMA Anaerobic Fermentation (Light-Med Profile),sln-9-cima-anaerobic-fermentation-light-med-profile,title_slug
Grey Soul,7549447798981,greysoul.coffee,Cavery Yeast Carbonic Naturals (Light-Med Roast),,unmapped
Grey Soul,7549207773381,greysoul.coffee,Kohima Specialty Naturals (Light Roast),kohima-specialty-naturals-light-roast,title_slug
Grey Soul,7535386329285,greysoul.coffee,Naturals from Baarbara (Med Profile),naturals-from-baarbara-med-profile,title_slug
Grey Soul,7506385666245,greysoul.coffee,120 Hour Sun-Dried Anaerobic Naturals (Med Profile),,unmapped
Grey Soul,7495913832645,greysoul.coffee,Extended Naturals Harley Estate (Light-Med Profile),,unmapped
Grey Soul,6651730952389,greysoul.coffee,Kogilahalla KENTS (Naturals & Honey),,unmapped
Grey Soul,8031320834245,greysoul.coffee,The Betel Leaf Coffee (72 Hour Fermented Naturals) (Light-Med Roast),,unmapped
Grey Soul,8031212044485,greysoul.coffee,The Rose Coffee (72 Hour Fermented Naturals) (Light Roast),the-rose-coffee-72-hour-fermented-naturals-light-roast,title_slug
Grey Soul,7973367644357,greysoul.coffee,Intenso Yeast Inoculated Naturals (Light-Med),,unmapped
Grey Soul,8152207360197,greysoul.coffee,Chandragiri Aerobic Naturals (Light Roast),chandragiri-aerobic-naturals-light-roast,title_slug
Grey Soul,8152190648517,greysoul.coffee,Saccharomyces Anaerobic Naturals (Med Roast),,unmapped
Grey Soul,8111070347461,greysoul.coffee,Odisha Red Honey (Light-Med Roast),odisha-red-honey-light-med-roast,title_slug
Grey Soul,8228350197957,greysoul.coffee,Assam Naturals (Med-Dark Roast),,unmapped
Grey Soul,8228349837509,greysoul.coffee,Strawberry in Loop (Medium Profile),strawberry-in-loop-medium-roast-grey-soul-coffee,live
Grey Soul,8162772779205,greysoul.coffee,Anaerobic Floral Naturals (Light-Med Roast),anaerobic-floral-naturals-light-med-roast,title_slug
Grey Soul,8322532409541,greysoul.coffee,High Grown Espresso (Med-Dark Profile),,unmapped
Grey Soul,8402871910597,greysoul.coffee,MOGRA,,unmapped
Grey Soul,8348879388869,greysoul.coffee,Odisha Fermented Naturals (Light Roast),,unmapped
Grey Soul,6667195678917,greysoul.coffee,White Hario filter paper size 02,,unmapped
Grey Soul,8513283391685,greysoul.coffee,Raspberry in Loop,raspberry-in-loop,title_slug
Kapi Kottai,7514222428322,kapikottai.coffee,Bahār,,unmapped
Kapi Kottai,7310899642530,kapikottai.coffee,Bhūshāvali,,unmapped
Kapi Kottai,7311138324642,kapikottai.coffee,Curveball,curveball,title_slug
Kapi Kottai,7311170764962,kapikottai.coffee,Dark! Dark! Dark!,dark-dark-dark,title_slug
Kapi Kottai,7311193145506,kapikottai.coffee,Hamīrkalyāni,,unmapped
Kapi Kottai,7289392627874,kapikottai.coffee,Kāpikottai Samplers,kapikottai-samplers,live
Kapi Kottai,7661618626722,kapikottai.coffee,Khamās,,unmapped
Kapi Kottai,7311797026978,kapikottai.coffee,Kilpauk Standard,kilpauk-standard,live
Kapi Kottai,7311816720546,kapikottai.coffee,Let There Be Light,,unmapped
Kapi Kottai,7311834808482,kapikottai.coffee,Microlot #1,microlot-1,title_slug
Kapi Kottai,7550859182242,kapikottai.coffee,Mind = Blown,mind-blown,live
Kapi Kottai,7311867969698,kapikottai.coffee,Nātakurinji,,unmapped
Kapi Kottai,7563613962402,kapikottai.coffee,Navarōj,,unmapped
Kapi Kottai,7746982772898,kapikottai.coffee,Sārangā,,unmapped
Kapi Kottai,7312360308898,kapikottai.coffee,Subscribe - 12 Coffees Delivery,subscribe-12-coffees-delivery,live
Kapi Kottai,7283473580194,kapikottai.coffee,Subscribe - 24 Coffees Delivery,coffeesubscription24,live
Kapi Kottai,7312026108066,kapikottai.coffee,Subscribe - 3 Coffees Delivery,subscribe-3-coffees-delivery,live
Kapi Kottai,7312046031010,kapikottai.coffee,Subscribe - 6 Coffees Delivery,subscribe-6-coffees-delivery,live
Kapi Kottai,7850391470242,kapikottai.coffee,Anuswaram # 1,anuswaram-1,title_slug
Kapi Kottai,7850390290594,kapikottai.coffee,Tōdi,todi,live
Kapi Kottai,8132151607458,kapikottai.coffee,Abhyāsa,,unmapped
Kapi Kottai,8035667935394,kapikottai.coffee,Anuswaram #2,anuswaram-2,title_slug
Kapi Kottai,8150518136994,kapikottai.coffee,Anuswaram #3,anuswaram-3,title_slug
Kapi Kottai,8014013464738,kapikottai.coffee,Ārabhi,arabhi,live
Kapi Kottai,8190021992610,kapikottai.coffee,Bihāg,,unmapped
Kapi Kottai,8130731376802,kapikottai.coffee,Kāmbhōji,,unmapped
Kapi Kottai,8014097219746,kapikottai.coffee,Kēdāram,,unmapped
Kapi Kottai,7563621990562,kapikottai.coffee,Mōhanakalyāni,mohanakalyani,live
Kapi Kottai,8419573432482,kapikottai.coffee,Sahānā,,unmapped
Kapi Kottai,8538648281250,kapikottai.coffee,Dēvagāndhāri,,unmapped
Kapi Kottai,8490971824290,kapikottai.coffee,Kurinji,kurinji,title_slug
Kapi Kottai,8610327462050,kapikottai.coffee,Anuswaram #5,anuswaram-5,title_slug
Kapi Kottai,8610331754658,kapikottai.coffee,Natābharanam,,unmapped
Araku,8884824703296,www.arakucoffee.in,Microlot 02.23,microlot-02-23,title_slug
Araku,8380902539584,www.arakucoffee.in,Signature,signature,live
Araku,8380902572352,www.arakucoffee.in,Selection,selection,live
Araku,8380902506816,www.arakucoffee.in,Grand Reserve,grande-reserve,live
Araku,8380906176832,www.arakucoffee.in,Micro Climate,micro-climate,live
Araku,8380905947456,www.arakucoffee.in,Early Harvest,early-harvest,title_slug
Araku,8380915351872,www.arakucoffee.in,Pocket Brew - Selection,pocket-brew-selection,live
Araku,8380915286336,www.arakucoffee.in,Pocket Brew - Micro Climate,pocket-brew-micro-climate,live
Araku,9053797908800,www.arakucoffee.in,Microlot 03.23,microlot-03-23,title_slug
Araku,9421950320960,www.arakucoffee.in,Microlot 01.24,,unmapped
Araku,9508897390912,www.arakucoffee.in,Early Harvest - Natural Process,early-harvest-natural-process,title_slug
Araku,9613129908544,www.arakucoffee.in,Pocket Brew - Grand Reserve,pocket-brew-grand-reserve,live
Araku,9866704519488,www.arakucoffee.in,Pocket Brew – Collection,pocket-brew-collection-pour-over-arabica-coffee-drip-bags,live
Corridor Seven,2040943575097,corridorseven.coffee,Baarbara Estate Washed Process,baarbara,live
Corridor Seven,2236821733433,corridorseven.coffee,March Mellow ( Cold Brew Blend ),marching,live
Corridor Seven,2040988500025,corridorseven.coffee,Vienna Roast,vienna,live
Corridor Seven,2045063856185,corridorseven.coffee,French Roast,french,live
Corridor Seven,2229869412409,corridorseven.coffee,SAMPLER PACK,sampler-pack-75gm-3,live
Corridor Seven,4837884330007,corridorseven.coffee,August Rush Blend,august-rush,live
Corridor Seven,6566620463127,corridorseven.coffee,Ratnagiri Estate Washed Process - 2022 Launch,ratnagiri-estate-washed-process,live
Corridor Seven,6853063835671,corridorseven.coffee,Riverdale Estate Peach Fermentation Process,riverdale-estate-peach-fermentation-process,title_slug
Corridor Seven,6856398635031,corridorseven.coffee,Ratnagiri Estate Carbonic Maceration Process,ratnagiri-estate-carbonic-maceration-process,title_slug
Corridor Seven,6856400240663,corridorseven.coffee,Ratnagiri Estate Anaerobic Naturals Process ( SLN - 9 ),ratnagiri-estate-anaerobic-naturals-process-sln-9,title_slug
Corridor Seven,6859083808791,corridorseven.coffee,Peach Espresso Blend,peach-espresso-blend,title_slug
Corridor Seven,6859655282711,corridorseven.coffee,Espresso Bundle,espresso-bundle,title_slug
Corridor Seven,6869517959191,corridorseven.coffee,Riverdale Estate Grape Fermentation Process,,unmapped
Corridor Seven,6579892518935,corridorseven.coffee,Riverdale Estate Washed Process ( Per Diem Profile ),,unmapped
Corridor Seven,6702476066839,corridorseven.coffee,Riverdale Estate N - 72 Fermentation Process,,unmapped
Corridor Seven,6781825908759,corridorseven.coffee,Barista Forte Blend,barista-forte,live
Corridor Seven,6897757126679,corridorseven.coffee,Balmaadi Estate Organic Natural Process - 2023 Launch,,unmapped
Corridor Seven,6919383908375,corridorseven.coffee,Ratnagiri Estate Orange Fermentation Honey Process - 2023 Launch,,unmapped
Corridor Seven,6919383973911,corridorseven.coffee,Ratnagiri Estate Carbonic Naturals - 2023 Launch,ratnagiri-estate-carbonic-naturals-2023-launch,title_slug
Corridor Seven,6932112637975,corridorseven.coffee,Melkodige Estate - 60hrs Anaerobic Naturals,,unmapped
Corridor Seven,7029070987287,corridorseven.coffee,Riverdale Estate - Natural 48Hrs Fermentation,,unmapped
Corridor Seven,7036998582295,corridorseven.coffee,Sangameshwar Estate - Honey Process,,unmapped
Corridor Seven,7088861610007,corridorseven.coffee,Ratnagiri Estate Naturals,ratnagiri-estate-naturals,title_slug
Corridor Seven,7168258310167,corridorseven.coffee,Riverdale Estate - Geisha,riverdale-estate-geisha,title_slug
Corridor Seven,7249230823447,corridorseven.coffee,Gungegiri Estate - Honey Sundried Process,,unmapped
Corridor Seven,7257502285847,corridorseven.coffee,Cold Brew Blend - Light,cold-brew-blend-light,title_slug
Corridor Seven,7257553371159,corridorseven.coffee,Cold Brew Blend - BOLD,cold-brew-blend-bold,live
Corridor Seven,7258971799575,corridorseven.coffee,LEAN Blend,lean-blend,live
Corridor Seven,7258977075223,corridorseven.coffee,BR!M Blend,,unmapped
Corridor Seven,7271585218583,corridorseven.coffee,Anughraha Estate Organic Natural Process,,unmapped
Corridor Seven,7291013955607,corridorseven.coffee,Riverdale Estate Per Diem Profile,riverdale-estate-per-diem-profile,title_slug
Corridor Seven,7306943430679,corridorseven.coffee,Melkodige Estate - Anaerobic Naturals,,unmapped
Corridor Seven,7307425775639,corridorseven.coffee,Melkodige Estate - LORD 1385/1386,,unmapped
Corridor Seven,7316934688791,corridorseven.coffee,Kudiraipanjan Estate Lactic Fermentation Natural (110 Hrs),,unmapped
Corridor Seven,7316941045783,corridorseven.coffee,Kudiraipanjan Estate Anaerobic Natural 96 Hours,kudiraipanjan-estate-anaerobic-natural-96-hours,title_slug
Corridor Seven,7380741062679,corridorseven.coffee,"Dima Hasao, Assam -Naturals",dima-hasao-assam-naturals,title_slug
Corridor Seven,7440512811031,corridorseven.coffee,"Nongryniang, Meghalaya - Naturals",,unmapped
Corridor Seven,7439422849047,corridorseven.coffee,Christmas Blend,christmas-blend,title_slug
Corridor Seven,7378715672599,corridorseven.coffee,Ratnagiri Estate 76hr Culture Washed Process,ratnagiri-estate-76hr-culture-washed-process,title_slug
Corridor Seven,7380692598807,corridorseven.coffee,Ratnagiri Estate 80hr Culture Natural Process,ratnagiri-estate-80hr-culture-natural-process,title_slug
Corridor Seven,7378540560407,corridorseven.coffee,Salawara Estate 72hr Anaerobic Fermentation - Red Wine Honey Process,,unmapped
Corridor Seven,7378597478423,corridorseven.coffee,Salawara Estate 75hr Anaerobic Fermentation - Naturals,,unmapped
Corridor Seven,7413648654359,corridorseven.coffee,Salawara Estate Bundle,,unmapped
Corridor Seven,7378616221719,corridorseven.coffee,Salawara Estate 72hr Anaerobic Fermentation - Natural Experimental,,unmapped
Corridor Seven,7378671632407,corridorseven.coffee,Salawara Estate 72hr Anaerobic Fermentation - Natural,,unmapped
Corridor Seven,7378396479511,corridorseven.coffee,Salawara Estate 48hr Anaerobic Fermentation - Honey Process,,unmapped
Corridor Seven,7601434984471,corridorseven.coffee,Anai Kadu Estate Aerobic Naturals,,unmapped
Corridor Seven,7582622744599,corridorseven.coffee,Riverdale Estate Lactic Carbonic Maceration,riverdale-estate-lactic-carbonic-maceration,title_slug
Corridor Seven,7561893740567,corridorseven.coffee,Riverdale Estate Champagne Cold Soak,riverdale-estate-champagne-cold-soak,title_slug
Corridor Seven,6933418082327,corridorseven.coffee,Riverdale Estate Watermelon Process,,unmapped
Black Baza,2489369264207,store.blackbazacoffee.com,Wanderoo,wanderoo,live
Black Baza,2489369100367,store.blackbazacoffee.com,Ficus,ficus,live
Black Baza,6071922262198,store.blackbazacoffee.com,Loris,loris,live
Black Baza,3692128305231,store.blackbazacoffee.com,Jumping Ant,jumping-ant,title_slug
Black Baza,2489368936527,store.blackbazacoffee.com,Whistling Schoolboy,filter-coffee,live
Black Baza,2489368838223,store.blackbazacoffee.com,Otter,otter,live
Black Baza,3692126928975,store.blackbazacoffee.com,Coffee Sampler Pack,sampler-pack,live
Black Baza,2489368739919,store.blackbazacoffee.com,Black Baza,black-baza,title_slug
Black Baza,4034302640207,store.blackbazacoffee.com,Bird-Friendly Bundle,bird-friendly-bundle,live
Black Baza,7417825984694,store.blackbazacoffee.com,Galaxy Frog,galaxy-frog,title_slug
Black Baza,7191776264374,store.blackbazacoffee.com,Frogmouth,frogmouth,title_slug
Black Baza,7105422688438,store.blackbazacoffee.com,Luna,luna,live
Black Baza,4679965179983,store.blackbazacoffee.com,Handloom Pour Over Filters,,unmapped
Black Baza,7506546819254,store.blackbazacoffee.com,Microlot 28 | Whiskey Sub,,unmapped
Black Baza,7405814743222,store.blackbazacoffee.com,Specialty Arabica Bundle,specialty-arabica-bundle,live
Black Baza,7349558902966,store.blackbazacoffee.com,Cascara,cascara,title_slug
Black Baza,7457095844022,store.blackbazacoffee.com,Biligiri Black Pepper,biligiri-black-pepper,title_slug
Black Baza,7543029301430,store.blackbazacoffee.com,Microlot 29 | 'Farm in a Cup',,unmapped
Black Baza,7524003381430,store.blackbazacoffee.com,Coffee Canister (Colour: Moss Forest),,unmapped
Black Baza,7349591834806,store.blackbazacoffee.com,Coffee Flour,coffee-flour,title_slug
Black Baza,7524377100470,store.blackbazacoffee.com,Coffee Mug (Colour: Yellow Mushroom),,unmapped
Black Baza,7290590068918,store.blackbazacoffee.com,Ceramic Pour Over,ceramic-pour-over,title_slug
Black Baza,7589549965494,store.blackbazacoffee.com,Tiger Beetle,tiger-beetle,live
Black Baza,7694996177078,store.blackbazacoffee.com,Chukki,chukki,live
Black Baza,7638372286646,store.blackbazacoffee.com,Draco,draco,live
Black Baza,7927171252406,store.blackbazacoffee.com,Kaati,kaati,live
Black Baza,7762261704886,store.blackbazacoffee.com,Potter Wasp,potter-wasp,live
Black Baza,8054363619510,store.blackbazacoffee.com,Yellow Honey,yellow-honey,title_slug
Black Baza,8054376857782,store.blackbazacoffee.com,Aged in Oak,aged-in-oak,title_slug
Black Baza,7748461199542,store.blackbazacoffee.com,Dark Jaggery,dark-jaggery,title_slug
Black Baza,7578608566454,store.blackbazacoffee.com,Attihally Cardamom,attihally-cardamom,title_slug
Black Baza,7756859277494,store.blackbazacoffee.com,Chonky Ant Scoop,chonky-ant-scoop,title_slug
Black Baza,7791558885558,store.blackbazacoffee.com,Coffee Canister,coffee-canister,title_slug
Black Baza,7791324430518,store.blackbazacoffee.com,Coffee Mug,coffee-mug,title_slug
Black Baza,7933615341750,store.blackbazacoffee.com,Ceramic Pour Over Sets,,unmapped
Black Baza,7677330686134,store.blackbazacoffee.com,Flavours of Festivity Gift Box,flavours-of-festivity-gift-box,title_slug
Black Baza,7677321674934,store.blackbazacoffee.com,"Coffee, Honey, and Amla Magic: The Nilgiri Festive Fusion",,unmapped
Black Baza,8255114150070,www.blackbazacoffee.com,Yellow Honey,,unmapped
Black Baza,8221677420726,www.blackbazacoffee.com,Anaerobic Naturals,anaerobic-naturals,title_slug
Black Baza,8352913359030,www.blackbazacoffee.com,Red Honey,,unmapped
Black Baza,8385601503414,www.blackbazacoffee.com,Lactic Process,,unmapped
Black Baza,8765378560182,www.blackbazacoffee.com,Kombucha Honey,kombucha-honey,title_slug
Black Baza,8765338714294,www.blackbazacoffee.com,Frogmouth,frogmouth,live
Dope Coffee,3110862716992,dopecoffee.in,BAARBARA ESTATE AA,,unmapped
Dope Coffee,7600415113436,dopecoffee.in,Bartchinhulla Estate,bartchinhulla-estate,title_slug
Dope Coffee,3110865436736,dopecoffee.in,DARK MATTER,dark-matter,live
Dope Coffee,5265882808475,dopecoffee.in,DOUBLE-BARREL BLEND,,unmapped
Dope Coffee,7544758665436,dopecoffee.in,ECCENTRIC EDITIONS,,unmapped
Dope Coffee,7544846516444,dopecoffee.in,FOREIGN RETURN 🛬 🌏 🇮🇳,,unmapped
Dope Coffee,3096782471232,dopecoffee.in,KALLEDEVARAPURA ESTATE,kalledevarapura-estate,live
Dope Coffee,6962048172216,dopecoffee.in,Kerehaklu  Honey Sun Dried,kerehaklu-honey-sun-dried,title_slug
Dope Coffee,3096783552576,dopecoffee.in,MONSOONED MALABAR AAA,monsooned-malabar-aaa,title_slug
Dope Coffee,7544846909660,dopecoffee.in,MOST WANTED DOPE 🚨🚨🚨,most-wanted-dope-dm-kdp-pol,live
Dope Coffee,3110864257088,dopecoffee.in,MYSORE NUGGETS,mysore-nuggets,live
Dope Coffee,3110863601728,dopecoffee.in,NILGIRI,,unmapped
Dope Coffee,3110865829952,dopecoffee.in,POLARIS COLD BREW BLEND,cold-brew,live
Dope Coffee,3110863962176,dopecoffee.in,SWARNAGIRI ESTATE,swarnagiri-estate,title_slug
Dope Coffee,7886441316572,dopecoffee.in,TRIBE-O KORAPUT  YEAST FERMENT,,unmapped
Dope Coffee,8139206263004,dopecoffee.in,BAARBARA SPECIAL FRUIT CHERRY,baarbara-special-fruit-cherry,title_slug
Dope Coffee,7590228885724,dopecoffee.in,Kerehaklu Honey Sun Dried - Bridal Veil,,unmapped
Dope Coffee,8090102956252,dopecoffee.in,KUTTINKHAN  LOWER ESTATE,kuttinkhan-lower-estate,live
Dope Coffee,8143380906204,dopecoffee.in,YELNOORKHAN ESTATE,yelnoorkhan-estate,title_slug
Dope Coffee,8818169217244,dopecoffee.in,Buzz Blend,buzz-blend,live
Dope Coffee,8818273616092,dopecoffee.in,Roaring Robusta,roaring-robusta,title_slug
Dope Coffee,8819800998108,dopecoffee.in,Vienna Vortex,vienna-vortex,live
Bloom,7205679923386,bloomcoffeeroasters.in,Venkids Valley Estate - The Red Honey - Light Roast,,unmapped
Bloom,6563619504314,bloomcoffeeroasters.in,"A ""lot"" like Christmas - The Christmas Blend - Medium Roast",,unmapped
Bloom,7185302945978,bloomcoffeeroasters.in,Mooleh Manay Estate (Honey) – Coorg - Medium Roast,mooleh-manay-estate-honey-coorg-medium-roast,title_slug
Bloom,7151892267194,bloomcoffeeroasters.in,Ratnagiri estate (Lot DP-1 ) - Chikmagalur - Light Roast,,unmapped
Bloom,7179675467962,bloomcoffeeroasters.in,Harley Estate (Naturals) - Sakleshpur - Light Roast,harley-estate-naturals-sakleshpur-light-roast,title_slug
Bloom,7096363057338,bloomcoffeeroasters.in,Pulney Coffee (Washed) - Pulney Hills - Medium Roast,pulney-coffee-washed-pulney-hills-medium-roast,live
Bloom,7096362467514,bloomcoffeeroasters.in,Unakki Coffee Collective - Agni Naturals - Chikmagalur (Light Roast),,unmapped
Bloom,6563812409530,bloomcoffeeroasters.in,Venkids Valley Estate (Washed) – Coorg - Medium Dark Roast,,unmapped
Bloom,6903892279482,bloomcoffeeroasters.in,Papakuchi Coffee (Washed) - Coorg (Light Roast),,unmapped
Bloom,6563822076090,bloomcoffeeroasters.in,Salawara Estate – Chikmaglur - Dark Roast,salawara-estate-dark-roast,live
Bloom,6563778035898,bloomcoffeeroasters.in,Vin Van Gogh - Medium Roast,vin-van-gogh,live
Bloom,6563619406010,bloomcoffeeroasters.in,Kenny Ji - The Cold Brew Blend,kenny-ji-the-cold-brew-blend,live
Bloom,6563740025018,bloomcoffeeroasters.in,Ro-Busta Rhymes - Medium Dark Roast,ro-busta-rhymes-medium-dark-roast,live
Bloom,6563766403258,bloomcoffeeroasters.in,Satchmo - Dark Roast,satchmo-dark-roast,live
Bloom,6682190414010,bloomcoffeeroasters.in,BCR Custom Sample Pack of 3,bcr-custom-sample-pack-of-3,title_slug
Bloom,7185290526906,bloomcoffeeroasters.in,Cascara (Coffee Cherry Tea) - Salawara Estate - Chikmagalur,,unmapped
Bloom,7252177944762,bloomcoffeeroasters.in,Salawara Estate - Carbonic Maceration - Light Roast,salawara-estate-carbonic-maceration-light-roast,title_slug
Bloom,7301067014330,bloomcoffeeroasters.in,Mooleh Manay Estate (Naturals) - Coorg - Light Roast,mooleh-manay-estate-naturals-coorg-light-roast,title_slug
Bloom,7308398985402,bloomcoffeeroasters.in,Balanoor Plantations - Kents (Washed) - Chikmagalur - Medium Roast,,unmapped
Bloom,7313821860026,bloomcoffeeroasters.in,Harley Estate (Banana Black Honey) - Sakleshpur - Medium Light Roast,,unmapped
Bloom,7320723390650,bloomcoffeeroasters.in,Harley Estate - Vienna Roast (Naturals) - Sakleshpur,harley-estate-vienna-roast-naturals-sakleshpur,title_slug
Bloom,6563790684346,bloomcoffeeroasters.in,Venkids Valley Estate – The Yellow Honey - Light Roast,,unmapped
Bloom,7346196742330,bloomcoffeeroasters.in,Krishnagiri Estate (Natural Naturals) - Chikmagalur - Light Roast,,unmapped
Bloom,7373158416570,bloomcoffeeroasters.in,BCR Light Roast Sample Pack,bcr-light-roast-sample-pack,title_slug
Bloom,7385879838906,bloomcoffeeroasters.in,Meera - Medium Light Roast,meera-medium-light-roast,live
Bloom,7437536493754,bloomcoffeeroasters.in,Greenland Estate (Washed) - Valparai (Tamil Nadu) - Medium Roast,,unmapped
Bloom,7556510941370,bloomcoffeeroasters.in,Hoysala Estate - Washed - Chikmagalur - Light Roast,,unmapped
Bloom,7572392378554,bloomcoffeeroasters.in,Anai Kadu - Naturals - Coorg - Light Roast,anai-kadu-naturals-coorg-light-roast,title_slug
Bloom,7722645487802,bloomcoffeeroasters.in,Hoysala Estate - Naturals - Chikmagalur - Light Roast,hoysala-estate-naturals-chikmagalur-light-roast,title_slug
Bloom,7859379699898,bloomcoffeeroasters.in,Shakti - The Filter Coffee Blend - Dark Roast,shakti-the-filter-coffee-blend-dark-roast,title_slug
Bloom,8040106197178,bloomcoffeeroasters.in,Bison Valley Estate - Naturals - Yercaud - Light Roast,bison-valley-estate-naturals-yercaud-light-roast,title_slug
Bloom,8077608845498,bloomcoffeeroasters.in,Kid Dynamite - Dark Roast,kid-dynamite-dark-roast-copy,live
Bloom,8099449700538,bloomcoffeeroasters.in,Udaigiri Estate - Honey - Chikmagalur - Light Roast,udaigiri-estate-honey-chikmagalur-light-roast,title_slug
Bloom,8113087578298,bloomcoffeeroasters.in,Salawara Estate - Red Honey - Sakleshpur - Light Roast,salawara-estate-red-honey-sakleshpur-light-roast,title_slug
Subko,7629501923482,www.subko.coffee,Ampthill Downs: Lot #08 (Medium Roast),,unmapped
Subko,7629523386522,www.subko.coffee,Ampthill Downs: Lot #24 (Medium-Dark Roast),,unmapped
Subko,7515333066906,www.subko.coffee,Kerehaklu Estate: Lot UDA - Monitor Washed (Medium Roast),,unmapped
Subko,7515336310938,www.subko.coffee,Kerehaklu Estate: Lot UDA - Monitor Washed (Medium-Light Roast),,unmapped
Subko,7267248930970,www.subko.coffee,"Kerehaklu Washed Experience - Medium, Medium Light [Set of 2 x 100g each]",,unmapped
Subko,4749543342139,www.subko.coffee,Woodway Estate (Washed Process),,unmapped
Subko,7629440581786,www.subko.coffee,Project Sankalp: (86+) - Lot #61 (Medium Roast),,unmapped
Subko,7469719584922,www.subko.coffee,"Specialty Cascara: 'Loose Leaf Tea' - Single Origin, Ampthill Downs, Tamil Nadu",,unmapped
Subko,7636659568794,www.subko.coffee,Subko Portable Pourover [Project Sankalp (SCA 86+): Lot #61 (Medium Roast)],,unmapped
Subko,7805478305946,www.subko.coffee,Specialty Arabica: Salawara Estate - Lot #1636 (Medium Roast),,unmapped
Subko,7805490659482,www.subko.coffee,Specialty Arabica: Salawara Estate - Lot #1617 (Medium Roast),specialty-arabica-salawara-estate-lot-1617-medium-roast,title_slug
Subko,7790210416794,www.subko.coffee,Specialty Liberica: Salawara Estate - Lot #1730 (Medium Roast),specialty-liberica-salawara-estate-lot-1730-medium-roast,title_slug
Subko,7790222082202,www.subko.coffee,Specialty Liberica: Salawara Estate - Lot #1731 (Medium Roast),specialty-liberica-salawara-estate-lot-1731-medium-roast,title_slug
Subko,7790303674522,www.subko.coffee,Project Seven Sisters: Garo Robusta (Medium-Dark),project-seven-sisters-garo-robusta-medium-dark,title_slug
Subko,7718937723034,www.subko.coffee,Ampthill Downs: Lot #63 (Medium Roast),ampthill-downs-lot-63-medium-roast,title_slug
Subko,7718998769818,www.subko.coffee,Ampthill Downs: Lot #03 (Medium-Light Roast),ampthill-downs-lot-03-medium-light-roast,title_slug
Subko,7703269245082,www.subko.coffee,"Project Seven Sisters: Dima Hasao, Assam - Lot #DH-2 (Medium-Dark Roast)",,unmapped
Subko,7703287595162,www.subko.coffee,"Project Seven Sisters: Jampui, Tripura - Lot #1000 (Medium Roast)",,unmapped
Subko,7703290118298,www.subko.coffee,"Project Seven Sisters: Mokokchung, Nagaland - Lot #N-02 (Medium Roast)",,unmapped
Subko,7768723488922,www.subko.coffee,Project Pearl: Ratnagiri Estate - Lot #SH3 (SCA 86+) (Medium Roast),project-pearl-ratnagiri-estate-lot-sh3-sca-86-medium-roast,title_slug
Subko,7768750227610,www.subko.coffee,Project Pearl: Ratnagiri Estate - Lot #SN3 (SCA 88+) (Medium Roast),project-pearl-ratnagiri-estate-lot-sn3-sca-88-medium-roast,title_slug
Subko,7768753406106,www.subko.coffee,Project Pearl: Ratnagiri Estate - Lot #SRN2 (SCA 88+) (Medium Roast),project-pearl-ratnagiri-estate-lot-srn2-sca-88-medium-roast,title_slug
Subko,7788211830938,www.subko.coffee,"Specialty Cascara: 'Loose Leaf Tea' - Single Origin, Ratnagiri Estate, Karnataka",,unmapped
Subko,7968094519450,www.subko.coffee,Project Sankalp Garo Hills (SCA 88+) - Lot #GO-22 (Medium Roast),,unmapped
Subko,7968091439258,www.subko.coffee,"Project Seven Sisters: Mokokchung, Nagaland - Lot #N-03 (Medium Roast)",project-seven-sisters-mokokchung-nagaland-lot-n-03-medium-roast,title_slug
Subko,7967941755034,www.subko.coffee,"Lot #SV07 - SUBKO VLGE: Co-operative Agriculture (86+): Paderu Valley, Dobarra Washed (Medium Roast)",,unmapped
Subko,7947167301786,www.subko.coffee,Project Pearl: Ratnagiri Estate - Lot #SRN1 (SCA 90+) (Medium Roast),project-pearl-ratnagiri-estate-lot-srn1-sca-90-medium-roast,title_slug
Subko,7941501386906,www.subko.coffee,"Project Seven Sisters: Dima Hasao, Assam - Lot #DH-1 (Medium Roast)",project-seven-sisters-dima-hasao-assam-lot-dh-1-medium-roast,title_slug
Subko,7926711976090,www.subko.coffee,Project Pearl: Ratnagiri Estate - Lot #DG (SCA 86+) (Medium Roast),project-pearl-ratnagiri-estate-lot-dg-sca-86-medium-roast,title_slug
Subko,7902418862234,www.subko.coffee,Specialty Excelsa : Mooleh Manay Estate - Lot #Drakshi (Medium Roast),specialty-excelsa-mooleh-manay-estate-lot-drakshi-medium-roast,title_slug
Subko,8017416781978,www.subko.coffee,"Project Seven Sisters: Dima Hasao, Assam, Lot #1/211 - Traditional Naturals (Medium Roast)",project-seven-sisters-dima-hasao-assam-lot-1-211-traditional-naturals-medium-roast,title_slug
Subko,8017414684826,www.subko.coffee,Kalledevarapura Estate: Lot #22 - Anaerobic Yeast Naturals (Medium Roast),kalledevarapura-estate-lot-22-anaerobic-yeast-naturals-medium-roast,title_slug
Subko,8016502325402,www.subko.coffee,Project Pearl: Ratnagiri Estate - Lot #RM2 (SCA 88+) (Medium Roast),,unmapped
Subko,8016148005018,www.subko.coffee,The Spirit Series: Cask Barrel Aged - Lot #SV09 (Medium Roast),,unmapped
Subko,8011895341210,www.subko.coffee,Specialty Arabica: Salawara Estate - Lot #1532 (Medium Roast),specialty-arabica-salawara-estate-lot-1532-medium-roast,title_slug
Subko,8004754735258,www.subko.coffee,"Lot #SV09 - SUBKO VLGE: Co-operative Agriculture (86+): Paderu Valley, Gurram Hand Washed (Medium Roast)",,unmapped
Subko,7999380881562,www.subko.coffee,Kerehaklu Estate: Lot Bili Meen - Washed Process (Medium Roast),kerehaklu-estate-lot-bili-meen-washed-process-medium-roast,title_slug
Subko,7915846992026,www.subko.coffee,"Lot #SV02 - SUBKO VLGE: Co-operative Agriculture (86+): Paderu Valley, Juni-grape Naturals (Medium Roast)",lot-sv02-subko-vlge-co-operative-agriculture-86-paderu-valley-juni-grape-naturals-medium-roast,title_slug
Subko,7912380858522,www.subko.coffee,"Lot #SV04 - SUBKO VLGE: Co-operative Agriculture (88+): Paderu Valley, Osmosis Naturals (Medium Roast)",,unmapped
Subko,7588218437786,www.subko.coffee,Specialty Excelsa: Mooleh Manay Estate - Lot Sante - (Medium Roast),,unmapped
Subko,8351945851034,www.subko.coffee,"Kalledevarapura Estate, Karnataka - Koji Fermented Naturals (Med-Light Roast)",kalledevarapura-estate-karnataka-koji-fermented-naturals-med-light-roast,title_slug
Subko,8310013296794,www.subko.coffee,"Specialty Liberica, Salawara Estate, Karnataka, India - Anaerobic Fermented Natural (Medium Roast)",,unmapped
Subko,8062078419098,www.subko.coffee,"Project Seven Sisters, Zora, Mizoram - Washed Process (Medium Roast)",,unmapped
Subko,8016151904410,www.subko.coffee,"The Spirit Series: Subko VLGE, Paderu, Andhra Pradesh - Cask Barrel Aged (Medium Roast)",,unmapped
Subko,8004747362458,www.subko.coffee,"Subko VLGE, Paderu, Andhra Pradesh - Gurram Hand Washed (Medium Roast)",lot-sv09,live
Subko,8426416603290,www.subko.coffee,"Specialty Excelsa (SCA 86+): Mooleh Manay Estate, Coorg, Karnataka, India: Lot #SICC-01 - 48 HRS Yeast Inoculated Naturals (Medium Roast)",specialty-excelsa-sca-86-mooleh-manay-estate-coorg-karnataka-india-lot-sicc-01-48-hrs-yeast-inoculated-naturals-medium-roast,title_slug
Subko,8421173756058,www.subko.coffee,"Project Pearl, Ratnagiri Estate, Karnataka - Lot #3/1: Anaerobic Naturals (Medium-Light Roast)",,unmapped
Subko,8408195006618,www.subko.coffee,"Project Sankalp Garo Hills, Meghalaya (SCA 86+): Lot #OC-15A - Anaerobic Slow Dry Naturals (Medium-Light Roast)",,unmapped
Subko,8397848805530,www.subko.coffee,Specialty Robusta: Salawara Estate: Lot #1507 - Yeast Fermented Honey Process (Medium-Dark Roast),,unmapped
Subko,8393753002138,www.subko.coffee,"Pourtable Pourover [ Box of 6 ] (84g): The Project Pearl, Ratnagiri Estate, Karnataka",pourtable-pourover-box-of-6-84g-the-project-pearl-ratnagiri-estate-karnataka-1,live
Subko,8393752543386,www.subko.coffee,Pourtable Pourover [ Box of 6] (84g): The Subko VLGE Blend,pourtable-pourover-box-of-6-84g-the-subko-vlge-blend-1,live
Subko,8385397293210,www.subko.coffee,"Specialty Excelsa (SCA 86+): Mooleh Manay Estate, Coorg, Karnataka, India: Lot #Kempu - Black Honey (Medium Roast)",,unmapped
Subko,8461296631962,www.subko.coffee,"Project Pearl, Ratnagiri Estate, Karnataka (SCA 86+): Alchemy - Naturals (Medium-Light Roast)",project-pearl-ratnagiri-estate-karnataka-sca-86-alchemy-naturals-medium-light-roast,title_slug
Subko,8582184960154,www.subko.coffee,"Subko VLGE : Gandha, Andhra Pradesh : Lot TK/003 - Submarine Method (Medium Roast)",subko-vlge-gandha-andhra-pradesh-lot-tk-003-submarine-method-medium-roast,title_slug
Subko,8495830892698,www.subko.coffee,"Gunibylu Estate : G 25, Karnataka : Anaerobic Yeast Naturals (Medium Dark Roast)",gunibylu-estate-g-25-karnataka-anaerobic-yeast-naturals-medium-dark-roast,title_slug
