roaster,shop_url,extra_archive_urls,url_switch_window,domain,robots_status,shop_allowed,products_json_allowed,is_shopify,terms_of_service_checked,shop_2023Q1,shop_2023Q2,shop_2023Q3,shop_2023Q4,shop_2024Q1,shop_2024Q2,shop_2024Q3,shop_2024Q4,shop_2025Q1,shop_2025Q2,shop_2025Q3,shop_2025Q4,shop_2026Q1,shop_2026Q2,shop_2026Q3,shop_quarters_covered,shop_earliest,pj_2023Q1,pj_2023Q2,pj_2023Q3,pj_2023Q4,pj_2024Q1,pj_2024Q2,pj_2024Q3,pj_2024Q4,pj_2025Q1,pj_2025Q2,pj_2025Q3,pj_2025Q4,pj_2026Q1,pj_2026Q2,pj_2026Q3,pj_quarters_covered,pj_earliest,archive_urls_counted,shop_variants_seen,scouted_at,error
Blue Tokai,https://bluetokaicoffee.com/collections/roasted-and-ground-coffee-beans,https://bluetokaicoffee.com/collections/coffee,2024-04-18 to 2024-05-23 (collection renamed; same Shopify store),bluetokaicoffee.com,found,TRUE,TRUE,TRUE,,2,2,3,6,2,6,6,4,3,3,8,3,1,2,0,14,06-03-2023,0,0,0,0,0,0,0,0,0,0,0,0,0,0,0,0,,https://bluetokaicoffee.com/collections/roasted-and-ground-coffee-beans | https://bluetokaicoffee.com/collections/coffee,https://bluetokaicoffee.com/collections/coffee | https://bluetokaicoffee.com/collections/coffee/ | https://bluetokaicoffee.com/collections/roasted-and-ground-coffee-beans,2026-09-25T21:54:14+00:00,
Subko,https://www.subko.coffee/pages/coffee,https://www.subko.coffee/collections/roasted-beans | https://www.subko.coffee/collections/specialty-arabica-microlots,after 2024-Q2 (roasted-beans archive ends; microlots-only collection continues),subko.coffee,found,TRUE,TRUE,TRUE,,2,1,0,2,1,2,1,0,1,1,1,0,0,0,0,9,29-01-2023,0,0,0,0,0,0,0,0,0,0,0,0,0,0,0,0,,https://www.subko.coffee/collections/roasted-beans | https://www.subko.coffee/collections/specialty-arabica-microlots,https://www.subko.coffee/collections/roasted-beans | https://www.subko.coffee/collections/specialty-arabica-microlots,2026-09-25T21:54:15+00:00,
Araku,https://www.arakucoffee.in/collections/coffee,,,arakucoffee.in,found,TRUE,TRUE,TRUE,,0,0,0,2,1,1,2,3,2,2,1,2,0,0,0,9,15-11-2023,0,0,0,0,0,0,0,0,0,0,0,0,0,0,0,0,,https://www.arakucoffee.in/collections/coffee,https://www.arakucoffee.in/collections/coffee,2026-09-25T21:54:16+00:00,
Corridor Seven,https://corridorseven.coffee/collections/all,,,corridorseven.coffee,found,TRUE,TRUE,TRUE,,3,0,1,0,1,1,1,0,1,1,1,0,0,0,0,8,24-02-2023,0,0,0,0,0,0,0,0,0,0,0,0,0,0,0,0,,https://corridorseven.coffee/collections/all,https://corridorseven.coffee/collections/all,2026-09-25T21:54:16+00:00,
Black Baza,https://www.blackbazacoffee.com/collections/coffee,https://store.blackbazacoffee.com/collections/all-coffee,2025-03-19 to 2025-07-20 (store subdomain -> www; platform change; no 2025-Q2 data),blackbazacoffee.com,found,TRUE,TRUE,TRUE,,1,1,0,1,0,1,1,1,1,0,3,2,1,1,0,11,27-01-2023,0,0,0,0,0,0,0,0,0,0,0,0,0,0,0,0,,https://www.blackbazacoffee.com/collections/coffee | https://store.blackbazacoffee.com/collections/all-coffee,https://store.blackbazacoffee.com/collections/all-coffee | https://www.blackbazacoffee.com/collections/coffee | https://www.blackbazacoffee.com/collections/coffee/,2026-09-25T21:54:17+00:00,
Devans,https://www.devans.in/collections/coffee,,,devans.in,found,TRUE,TRUE,TRUE,,2,1,1,1,0,2,1,1,1,1,1,1,0,0,0,11,07-02-2023,0,0,0,0,0,0,0,0,0,0,0,0,0,0,0,0,,https://www.devans.in/collections/coffee,https://www.devans.in/collections/coffee,2026-09-25T21:54:17+00:00,
Bloom,https://bloomcoffeeroasters.in/collections/coffee,,,bloomcoffeeroasters.in,found,TRUE,TRUE,TRUE,,1,0,0,1,0,1,1,2,1,0,1,0,0,0,0,7,05-02-2023,0,0,0,0,0,0,0,0,0,0,0,0,0,0,0,0,,https://bloomcoffeeroasters.in/collections/coffee,https://bloomcoffeeroasters.in/collections/coffee,2026-09-25T21:54:18+00:00,
Savorworks,https://www.savorworksroasters.com/collections/coffee,,,savorworksroasters.com,found,TRUE,TRUE,TRUE,,0,0,0,0,0,1,3,2,2,2,0,1,0,0,0,6,21-06-2024,0,0,0,0,0,0,0,0,0,0,0,0,0,0,0,0,,https://www.savorworksroasters.com/collections/coffee,https://www.savorworksroasters.com/collections/coffee,2026-09-25T21:54:19+00:00,
Dope Coffee,https://dopecoffee.in/pages/shop-dope,https://dopecoffee.in/collections/coffee,2026-03-07 (new /pages/shop-dope; old collection still live in 2026-Q1),dopecoffee.in,found,TRUE,TRUE,TRUE,,1,0,1,0,1,1,1,0,1,1,1,1,1,0,0,10,09-02-2023,0,0,0,0,0,0,0,0,0,0,0,0,0,0,0,0,,https://dopecoffee.in/collections/coffee,https://dopecoffee.in/collections/coffee,2026-09-25T21:54:19+00:00,
Rossette Coffee Lab,https://rossettecoffee.com/collections/coffee,,,rossettecoffee.com,error,FALSE,FALSE,,,0,0,0,0,0,1,1,0,1,3,2,0,0,0,0,5,13-06-2024,,,,,,,,,,,,,,,,,,https://rossettecoffee.com/collections/coffee,https://rossettecoffee.com/collections/coffee,2026-09-25T21:54:20+00:00,
Kapi Kottai,https://kapikottai.coffee/collections/all,,,kapikottai.coffee,found,TRUE,TRUE,TRUE,,1,1,1,0,1,0,2,1,2,1,1,0,0,0,0,9,05-02-2023,0,0,0,0,0,0,0,0,0,0,0,0,0,0,0,0,,https://kapikottai.coffee/collections/all,https://kapikottai.coffee/collections/all,2026-09-25T21:54:20+00:00,
Grey Soul,https://greysoul.coffee/collections/coffee,,,greysoul.coffee,found,TRUE,TRUE,TRUE,,2,1,1,0,0,1,1,2,1,1,1,1,0,0,0,10,01-02-2023,0,0,0,0,0,0,0,0,0,0,0,0,0,0,0,0,,https://greysoul.coffee/collections/coffee,https://greysoul.coffee/collections/coffee,2026-09-25T21:54:21+00:00,
Maverick & Farmer,https://www.maverickandfarmer.com/collections/shop-all,,,maverickandfarmer.com,found,TRUE,TRUE,TRUE,,0,0,0,0,0,0,0,1,1,0,1,1,0,0,1,5,14-12-2024,0,0,0,0,0,0,0,0,0,0,0,0,0,0,0,0,,https://www.maverickandfarmer.com/collections/shop-all,https://www.maverickandfarmer.com/collections/shop-all,2026-09-25T21:54:22+00:00,
Seven Beans,https://sevenbeans.co/collections/coffee,,,sevenbeans.co,found,TRUE,TRUE,TRUE,,0,0,0,0,1,1,1,1,1,0,2,0,0,1,0,7,26-02-2024,0,0,0,0,0,0,0,0,0,0,0,0,0,0,0,0,,https://sevenbeans.co/collections/coffee,https://sevenbeans.co/collections/coffee,2026-09-25T21:54:22+00:00,
Beachville,https://beachvillecoffee.com/collections/all-coffees,,,beachvillecoffee.com,found,TRUE,TRUE,TRUE,,0,0,0,0,0,0,0,0,0,0,1,0,0,0,0,1,17-07-2025,0,0,0,0,0,0,0,0,0,0,0,0,0,0,0,0,,https://beachvillecoffee.com/collections/all-coffees,https://beachvillecoffee.com/collections/all-coffees,2026-09-25T21:54:23+00:00,
Third Wave Coffee,https://www.thirdwavecoffeeroasters.com/collections/coffee-beans,,,thirdwavecoffeeroasters.com,found,TRUE,TRUE,TRUE,,1,1,1,1,0,1,1,2,2,1,1,1,0,2,0,12,28-01-2023,0,0,0,0,0,0,0,0,0,0,0,0,0,0,0,0,,https://www.thirdwavecoffeeroasters.com/collections/coffee-beans,https://www.thirdwavecoffeeroasters.com/collections/coffee-beans,2026-09-25T21:54:24+00:00,
Toise Coffee,https://toise.coffee/collections/frontpage,,,toise.coffee,found,TRUE,TRUE,TRUE,,0,0,0,0,0,0,0,0,0,0,0,0,0,0,0,0,,0,0,0,0,0,0,0,0,0,0,0,0,0,0,0,0,,https://toise.coffee/collections/frontpage,,2026-09-25T21:54:24+00:00,
Caramelly,https://caramelly.in/collections/roaster-market,,,caramelly.in,found,TRUE,TRUE,TRUE,,0,0,0,0,0,0,0,3,2,1,2,1,1,0,0,6,04-10-2024,0,0,0,0,0,0,0,0,0,0,0,0,0,0,0,0,,https://caramelly.in/collections/roaster-market,https://caramelly.in/collections/roaster-market,2026-09-25T21:54:25+00:00,
