roaster,archive_listing_urls,url_switch_window,quarters_covered,earliest_snapshot,size_source,reason
Third Wave Coffee,https://www.thirdwavecoffeeroasters.com/collections/coffee-beans,,12,2023-01-28,variant title,"Best coverage (12 quarters); embedded variant data with sizes on every variant in 2023 and 2025"
Devans,https://www.devans.in/collections/coffee,,11,2023-02-07,variant title,"11 quarters from Feb 2023; ~390 priced variants, 99% sized, both years"
Blue Tokai,https://bluetokaicoffee.com/collections/coffee | https://bluetokaicoffee.com/collections/roasted-and-ground-coffee-beans,2024-04-18 to 2024-05-23 (collection renamed; same Shopify store),14,2023-03-06,variant title,"Largest roaster; 14 quarters once old and new collection URLs are stitched; 94-98% sized"
Black Baza,https://store.blackbazacoffee.com/collections/all-coffee | https://www.blackbazacoffee.com/collections/coffee,2025-03-19 to 2025-07-20 (store subdomain -> www; platform change; no 2025-Q2 data),11,2023-01-27,variant title,"11 quarters stitched; old store's robots.txt allowed crawling; high-risk switch in 2025 must be checked by hand"
Grey Soul,https://greysoul.coffee/collections/coffee,,10,2023-02-01,variant title,"10 quarters from Feb 2023; ~470 variants, 95-97% sized (rest are bundles and '1 Kilogram' spelling)"
Kapi Kottai,https://kapikottai.coffee/collections/all,,9,2023-02-05,variant title,"9 quarters from Feb 2023; every variant sized; listing also has subscriptions/samplers to filter out"
Araku,https://www.arakucoffee.in/collections/coffee,,9,2023-11-15,variant title (product page for Grand Reserve 2023),"9 quarters but baseline starts Nov 2023; 2023 Grand Reserve variants need size from product page"
Corridor Seven,https://corridorseven.coffee/collections/all,,8,2023-02-24,variant title,"8 quarters from Feb 2023; every variant sized; listing includes equipment to filter out"
Dope Coffee,https://dopecoffee.in/collections/coffee,2026-03-07 (new /pages/shop-dope; old collection still live in 2026-Q1),10,2023-02-09,visible text (single 250 gm pack),"10 quarters from Feb 2023; prices embedded but no size in variants, so pack size comes from page text"
Bloom,https://bloomcoffeeroasters.in/collections/coffee,,7,2023-02-05,variant title,"7 quarters with gaps but has a Feb 2023 baseline; 99% sized"
Subko,https://www.subko.coffee/collections/roasted-beans | https://www.subko.coffee/collections/specialty-arabica-microlots,after 2024-Q2 (roasted-beans archive ends; microlots-only collection continues),9,2023-01-29,product page weight (variant titles mostly unsized),"9 quarters with gaps; line-up narrows to microlots after 2024-Q2 and sizes need product pages"
