roaster,shop_url
Blue Tokai,https://bluetokaicoffee.com/collections/roasted-and-ground-coffee-beans
Subko,https://www.subko.coffee/pages/coffee
Araku,https://www.arakucoffee.in/collections/coffee
Corridor Seven,https://corridorseven.coffee/collections/all
Black Baza,https://www.blackbazacoffee.com/collections/coffee
Devans,https://www.devans.in/collections/coffee
Bloom,https://bloomcoffeeroasters.in/collections/coffee
Savorworks,https://www.savorworksroasters.com/collections/coffee
Dope Coffee,https://dopecoffee.in/pages/shop-dope
Rossette Coffee Lab,https://rossettecoffee.com/collections/coffee
Kapi Kottai,https://kapikottai.coffee/collections/all
Grey Soul,https://greysoul.coffee/collections/coffee
Maverick & Farmer,https://www.maverickandfarmer.com/collections/shop-all
Seven Beans,https://sevenbeans.co/collections/coffee
Beachville,https://beachvillecoffee.com/collections/all-coffees
Third Wave Coffee,https://www.thirdwavecoffeeroasters.com/collections/coffee-beans
Toise Coffee,https://toise.coffee/collections/frontpage
Caramelly,https://caramelly.in/collections/roaster-market
